-- phpMyAdmin SQL Dump
-- version 4.6.6deb5
-- https://www.phpmyadmin.net/
--
-- Хост: localhost:3306
-- Время создания: Июл 22 2019 г., 16:03
-- Версия сервера: 5.7.26-0ubuntu0.18.04.1
-- Версия PHP: 7.2.20-1+ubuntu18.04.1+deb.sury.org+1

SET SQL_MODE = "NO_AUTO_VALUE_ON_ZERO";
SET time_zone = "+00:00";


/*!40101 SET @OLD_CHARACTER_SET_CLIENT=@@CHARACTER_SET_CLIENT */;
/*!40101 SET @OLD_CHARACTER_SET_RESULTS=@@CHARACTER_SET_RESULTS */;
/*!40101 SET @OLD_COLLATION_CONNECTION=@@COLLATION_CONNECTION */;
/*!40101 SET NAMES utf8mb4 */;

--
-- База данных: `myBase`
--

-- --------------------------------------------------------

--
-- Структура таблицы `likes`
--

CREATE TABLE `likes` (
  `id` int(11) UNSIGNED NOT NULL,
  `post_id` int(11) UNSIGNED NOT NULL,
  `user_id` int(11) UNSIGNED NOT NULL,
  `result` tinyint(1) NOT NULL
) ENGINE=MyISAM DEFAULT CHARSET=utf8;

--
-- Дамп данных таблицы `likes`
--

INSERT INTO `likes` (`id`, `post_id`, `user_id`, `result`) VALUES
(39, 3, 10, 0),
(2, 16, 2, 1),
(8, 4, 2, 0),
(34, 1, 2, 1),
(11, 4, 1, 1),
(19, 22, 1, 1),
(20, 16, 10, 1),
(21, 22, 2, 1),
(22, 4, 4, 1),
(23, 16, 4, 1),
(24, 22, 10, 1),
(37, 30, 10, 1),
(26, 22, 12, 1),
(27, 16, 12, 1),
(28, 2, 2, 0),
(29, 4, 10, 1),
(35, 3, 2, 1),
(36, 30, 2, 1);

-- --------------------------------------------------------

--
-- Структура таблицы `posts`
--

CREATE TABLE `posts` (
  `id` int(11) UNSIGNED NOT NULL,
  `title` varchar(50) NOT NULL,
  `description` text NOT NULL,
  `user_id` int(11) UNSIGNED NOT NULL
) ENGINE=MyISAM DEFAULT CHARSET=utf8;

--
-- Дамп данных таблицы `posts`
--

INSERT INTO `posts` (`id`, `title`, `description`, `user_id`) VALUES
(1, 'Mbappe took interview', 'Now the best players are Ronaldo and Messi but I do my best to win them.', 6),
(2, 'Zlatan said', 'I am God.', 3),
(3, 'About God\'s hand', 'I striked that gol with God\'s hand.', 5),
(4, 'Mkhitaryan get merried with Betty', 'In Italy.', 7),
(30, 'Alik', 'Respect', 2),
(22, 'Edo', 'yahoooooo', 1),
(16, 'Edo', 'du bomb es!!!', 10);

-- --------------------------------------------------------

--
-- Структура таблицы `users`
--

CREATE TABLE `users` (
  `id` int(11) UNSIGNED NOT NULL,
  `name` varchar(20) NOT NULL,
  `age` tinyint(3) UNSIGNED NOT NULL,
  `email` varchar(30) NOT NULL,
  `password` varchar(32) NOT NULL,
  `avatar` text NOT NULL
) ENGINE=MyISAM DEFAULT CHARSET=utf8;

--
-- Дамп данных таблицы `users`
--

INSERT INTO `users` (`id`, `name`, `age`, `email`, `password`, `avatar`) VALUES
(1, 'Ronaldo', 34, 'ronaldo@gmail.com', 'c5aa3124b1adad080927ce4d144c6b33', '/avatar/avatar.png'),
(2, 'Messi', 32, 'messi@gmail.com', '1463ccd2104eeb36769180b8a0c86bb6', 'data:image/gif;base64,/9j/4AAQSkZJRgABAQEASABIAAD/4QCaRXhpZgAATU0AKgAAAAgABQEaAAUAAAABAAAASgEbAAUAAAABAAAAUgEoAAMAAAABAAIAAAITAAMAAAABAAEAAIdpAAQAAAABAAAAWgAAAAAAAABgAAAAAQAAAGAAAAABAASRAQAHAAAABAECAwCgAQADAAAAAf//AACgAgAEAAAAAQAAAZCgAwAEAAAAAQAAAZAAAAAAAAD/2wBDAAUEBAUEAwUFBAUGBgUGCA4JCAcHCBEMDQoOFBEVFBMRExMWGB8bFhceFxMTGyUcHiAhIyMjFRomKSYiKR8iIyL/2wBDAQYGBggHCBAJCRAiFhMWIiIiIiIiIiIiIiIiIiIiIiIiIiIiIiIiIiIiIiIiIiIiIiIiIiIiIiIiIiIiIiIiIiL/wgARCAEsASwDASIAAhEBAxEB/8QAHAAAAQUBAQEAAAAAAAAAAAAABAABAgMFBgcI/8QAGgEAAwEBAQEAAAAAAAAAAAAAAAECAwQFBv/aAAwDAQACEAMQAAABMAp5O+btSPNiNF6KBxGbFdPveV9ZsvUrcJ5Fx1XLF3Z8YO3tpmz0vvPKfUFgZk7mXnrVs4e20Xh62ALzjkOr5XdVRlHPZSi4WSocWj23Jep5xXm9qLivMM3s+Y9bi2+Q0+a4+yddSerszpro+c6G8+uAKzt+fl844Hn6YupTa6bpjMlHqPPzpn0EfgpS+1u50CK7/ByFpPHcv3/B9cDNKMaMkhpJkG+y+Hd5EerV4lkZ8/yJ2L7XJTlmgeb3p2Sp0kC2cY+p67NqG2xzw7Xw3s7o3O5dCePtF0iZoWgwkOikOmEbSyqiGbtNC6NMwxOX9VwKOFY0bZVJJNHgSa7Yvjje7hIFsq7DMoTeL3JM45JnaRI1zNIZqazq7TlOk59um5Ha43GmsAs3i54MApldLNToOKNl7lIwxJ2aUCzdI46xPbzJ12g2tqGkkO4zOK6stCQ5Hoc2JF28btSSRJ2eknZwtjFCOOAnlXe89m+8c18Z0G3Dj7AI6al8vzHpIuh4eL7B552c3P0aMOjAOk5qQzFVsixVSU8/dygDSRb21TuTCQCfRwzEl5fSknE7pUmdIJpIDrcvqYPSe1Ly/L6BmeeHU84MCnG5gmZ0jOeFxvS8LaPFhOz4r0eSmyyFzZq5Q4u45PWqS5pnZ27xdl14l3RAyS5rTtJjuk0ySRJRQS9/849P5b7DN5rf4ehlbPPSiV8GUSdJynC5w4JXGXPCcn0vPepyRotG0RgJVQaujzuulzTWVlpJA9tNuiqSWbU4yY6SaZKQReVovT9XDN4OjmvQ+P8AQs9S8foOI59d8fzWHTj6vqeZ62VehMORmquR60IPKMr0PE9Dm4jO7TB3zyLCKbBtzH0UZFEolPNp0oWRutCKcM6eUXCSZNPOuQTtruF7J2Jz+X0cP1qllrDlurpVeZC9lk9CH6AAxLQ1QzsKi9jwYnO7XGdOT5pmd1YZgeli7wqCgKBnm5TOmasuiR1ZiUli43B2fKnZ2aSSHZ0fOdZB9Dh2D+V0BmQnOjyBIHBPCWTbSQ4UnZqNN8Ecjidll6PEL62tVlYnd5o/IpeiZvZy+VZ3Zcj14jyUqLSB7uzOApIvPpB2fKkkwnnC0LtwDScfQOZuVeJ3ef8AK+pV61zPUQKz0RUb4mE2TU2pqFZXVSnc42qGLoA4z07vHmhZuc+frnyXE9VynpckJyv6c6VfU1Ea8aKSZ4pM6QpwQtjQwOnqPd2zxvG7zX5K29eiLwSYz6BBk5koQYI0yiVTC2lqWrmkhScRQzn6dXzLWtoQPL25cXFKD7cdAwTS7soD6o2Bz1NtWeqZKW6TsZpRQ2xjyl/T9Aml5HVi6GLsvWgXedRRdRVKtVVrJQcdE6YVuqZNzGq9GwaPBtc+lExiO/l2s4YRDNGTejr4Wj046wtlWK5uuUVu6SQnTijGUU07OH0Rt8tteT0l3hWZ6EB3omlWjDsrGDaMEAVF+g2oriZF0uO8M9R8u9PleUJ9GbVXVAzspZGnk6FRrvWTM8vSePvYylDKpMmSTJJp2Qd36H4Drc+nt78GPz36bDzSQvQg+W0JCrDDp0G1m0MnC1OOVVtY/HOA9o8Y9Xkayq3WJUW1siztLkaCS52Tcs9QEEaF2sSudfLaZKGkkCSQJJD+jMve1/L28bC9or0PN+h6y/N4l2lLNjXKKqUWd08XZMjxz2AzXL553fVMXLTw/L948a9DmymdunNXU2BpaGaYZ1hmBdoJXOHHokkhJIbvOWk0tadL+gNESzx+oqwSSU1ns3oXZpkk2UhxhKJUlNpGtrx8NCoh5eNa/G8qP9T5Odj+s5Gq88sJpxswwMlSwJwHYhYyjx6JJAknYSTaT0wV6Tw3pPHXTjZup4/aFm7gWqoIV6GtaaLmi6bMyTlYFioLrYDg66PLLM76ryTRrDPR5xew4OyH6JyF3R5zwlvUczzXAA4HpBGduTRJJEtlwt5u16trbMPV5Qpv0zrfLvTfD7njIHmsyvMhb1bRS5TSSkiLZ4t1Z2Y7y97i2BsKzLRNF9c5GAzB6rIgxgaDr9LgjJX/xAAuEAABBAEDAwQDAAICAwEAAAABAAIDBBEFEiEQEyAiMDFBBhQyFSMkQiUzNED/2gAIAQEAAQUClk2r9nB/bCFoL9oYluKS766ljcmOyC/iefarNlSSZJKym8HTHBwjbw4cOYmNwo0SrJV/lzvnwysqBm91aqChTbiak1S18LYrcuBLMc98ptvCdeT7Tit5JoyKOXh83Fu1zJNuRPhpk21V5NzfkScJjsuYUTxadxcOS/58qX902ekNUsatMTgN1xylei9ZWetP538SynFg+rqBkwaJbnbX0X9dRxdgCWMB8ZmH6hijhka4nlWxltscv+fKvJ25aLw6EJ/xefhF/NqXJeefGj/RUisf110TSYLNOw6q2pLK23Wo3y6tPZ/5DdQfHJFqT5A+4DMbjmt/fV6ruZK3D/PTLe2KOzkOscXJd8qndz5UzhxkUj1MfUoYHzyQaTFHBNdkrxGwTDWdiWvuifNMCKkg70kRiUgDo4Z+9DNlQ2JIjLVr3xc0t9eIjHlA/a6K1x+zxIdxU3nAed/D3J5yY2b316Yq1bMj5DLMSe1kQjcn+h1h2wxkiCtMYgcduSHtFk8czZhVjIhIMdiVonrV7LHQlkhbh3UcFsi38Z6SOyfKL5JTij86LUjLrms+iXUu8n+pCfgSbHSTl63EgyAVq9kiSGzxJY7cmwSIzua3vOidX1R2Zy0iQ5U3DvAFByB9lh9RKKiZ3ZWyte+eGdikbg8g7HuQgkX67wu0UWoelQzmJPc0oF8TnzMlDmYCEhCz3Acot8QUD7WVlQnZHp7wy3Lfbt7H7U1fQo64bVY0NrsTqkTlLpUMitaQMTVdi/XKdE5gAKJesr0oRFzY4nPBPqdGSHNweoTED7Y/9LRtNeJ9uzpumsoVn4L8dCnN3Isc1WIIpRapGJ57gROEZGpri4v3InENV5AnZtfVYZn2BibqEFn24CE7+PxnTBBTkdkk8oddqfDvT9PDk/Q43qxoMMUckLWPc9DLjIoN6igbM5sYjis4Pln2/vRKDtQ1DYGtkZh23wCHV7nKSgZnavDGyZ7MJoAB5IyFvIdFI57XQbaniPb+/wAWqdjSXnl3JLVtQatq28Y6AL4UsjWR6lL3bTz62Dj/ALD+CPUx2D/VL/8ABo+nsnbJrDII4dbEpZKHtHx4Ar7+ETgatMdllgLZB6iv+zuB/wBtyrN7sLxtf4D2/wAbLZYL2kQSMZC6rJps4nY9xaJZJGOZdPY/y0eWalE9RvZIgOXcLhX4sySxu3mDcZ4ucLKPyQoHbGyu3S+99fircvuzXmPg1V0s9Ws9kkzcx2Jdimklkkjp2nllCyFX31317TZVIV9TQiRs0AaewrVcgmMFPj5IIQ/prw1h+fADj2R8fidbbRtwtdDW0ar+1u3F/wDNqn3UYhRYy3NWdBq8cjm2mSIR7Tn0/PSyAQ/AEjw5dtrFKEeW49czh4hYRHsxNMktKu2nRefVI4ZYE7lOj3NliU2lx2BT0mvVc3TI1DC6NuzCwuFeOIySFtOXNPcnkbtacoAkuYc48B0I9nRY+7rZJIf/AKgxvP8AKznpIwOTWhNjasYWOmE4cX2kqCIGOOByGmb3CjRqi3QoahHVrb1NUUsO3qEOjgj7H48duvbuDIMiZmS9r1h8aD8jPQO8MolWGbxXg9fbY1PcWLsjZsDJn1WxSSxBXGJ/BQ6uR8gsLScs1h3xLG6RWILEhtabqEbtMs3mN7gIYcjCx0DkXIuW5EpvpZJN2GVbMNuvj/W8Kwf+TNjF1SfI8HI+TUxuVV9N3A2HawOa17t3qdA2RR12Rta3HhlEolOKBUbcqz/ucyuY3RTZTsb3S75p5OLb+X/00IMyixYTkfIJjlBzbld63TRMTR6pIzkHlr1njoemU7Czwz5B2MaxzrM4ZsZuc+7Y7MET+LL/AEzvyfl7E1OCLOXewx+FpGJNZmY6QyUZRB/yI3t1CaIR6nXmTZWpjllZwCeD8J3TOEybI+ntypXtjjnvfuWBNgTz5Ujsn7jTQiOE72dMm7GqNI3TzOjTbzN/ea5Prx2ENMijcxuASsoOX0UeSfm7J26GnXo7FQPDVd1ytVF/VpdQljl2p0vEkqJ6RlMcFxg/LvZBwak3fqvZlprnuww4H8ovCLgFuX30LsAuWdzrUXers0WZ5dXFKi5254Qci5F2erCmIfBR9rQ/VosjucBDCKIW1YWMAuRdy6Vby4sCaxfA/IZu1pKHQ+DEwpvQ+1oEmdEfIGqOQPGcL5RWeC5OmwHT5BlyQwuUUAYmsQCK/Kpeg8mphTOhasezoeqCsnStIjdiLvBNsJ8wLnTcvnwnOc8xxPcWxgJkSDUOn3+UOzqZQ6nqEwphWUQiEfZhvzwtb+8yn/kSEdVJH+Rc97bRKY8uTGNIHzG1bVjqBz+R6X3q58D4NKYVkJwTkfa0oY0a7osUj5dElCbpU+YNGlKi0/YWwDAj2prcdPhAo9HMbLBqn4zPXdDoFx6Z+OwSRW6stOfwamIHgpyPtaeMaX8tLU6JBjQsDCwvjy3YIcrunwXWGAQMvaY3Uq9ulPTk6tTejk5Hzx1oOzQLlkLKJW4Yzz9dPpfaHzuwJJt63FT2o6zLNo2zbpuhf0amIfDk5HyCwsKvSntOqQur0XJhynPwieQ9BA+H2sInapJd6yQb2oNpRSWnyubaHdhkZM21pkEimryQPam9HJyPk0JkT5XCCCBaPCe44+ojh4OHSP3D1JrF9NC+scE9B8k4Er+4jndduspQSzOmlgw+aZmyWCd0Tobwka+GOdlrTnwEdHJyPiFDAXNdPxUrCFaL/wDBTtMuMXyHxZLWEBYQWec9bFmKnBHqkF1vObFmKtBZsPtT/KjxmyzITXFqhuOaorDXizpwcHNLS5OR8MKOJkIklMhqtbWbudlmqvg0f8fP/iwjwty3YBkW5DoF927cVOG/clvzjJUOq2Kwu3n3Js9WycOHWOUtUF7aMwSp/wAO8YgI65OVp0LJp5viR5zG7LPx+Zzb/wBu+H8J7jgFAeEj9kdqxJZsBxyHFZLndfvxCaeP/8QAIxEAAgIBBAIDAQEAAAAAAAAAAAECERADEiAhMUETIjJRMP/aAAgBAwEBPwFyOztklQtShSbKwnTo3CkSfRDND8kojbTIqysT8Yh4ztVlI2x9DgRi1wl12PUR+uyPjMvAkIqvPNrMlaJwoj0JZYkR8krKKy81maH1yizuRBJIpMenFk9FrwPPsWGTjz00Xhs3saTJKnjzwkuUY+yKLLLHhvvC4PjZD8kJL0WW/QmexrolA7WHhjfKAv6WNdfUju9jeJdD7GhZbFwXkSGyiisIasjFChGZ8WZC4J9ikNJnVF4rDFC0RW1jJfrHkXCuyMV7JQ57rZq6qSHPDELjEfBYsnPaN2+8tCFxgWWXhF4m/thYlhPjGe0+T+nyClxku8LDKwuPRsQlWFmcLNPR05Grp7Hh4XC/8ERjuJVBGrqy1H0Kf9/w0vtMfKNN0dRVmvrPVZ4ZRYmLLY2RuPaNPuOKzqz2ocnY9SW2m8ULP//EACURAAIBAwQCAgMBAAAAAAAAAAABAgMQERIgITEEQRMiMlFhQv/aAAgBAgEBPwGFPI6KPiIxQ4ZPjSvNZEhoguSWypLBCXJR5RFaUZtDsRLu0qnOENzMzXRrm+yFRo1KS42TjqI0mUYYiO8ezOCQ6jm8RIrAzHByuxrHJ/UQqfu6KUYvahlXrBSjHBwZVpRyJW0oV6EyPO6SyPFLolUkzUyNaSKdfULdF4ZSnxunxyVZ52dEasl7ISyt1OW6tPP1RP8ApgxeKyyCwru8N1TPy/UrrjkiKivZKmvQ0RelkKpGWVZ3ghrZkqPMsk5OQngjNf6J6PV6S4IkebYtTgSWyp+LMitkzZkZ4ifIxVJRFXyReUIpsnsnHMWY5I1MEpe752op9CiZwT2Sl9GLk0MaexXpU8ip/YjwR6KnZLZLlYOmOX6Nb2xUXHko0lIUUlhGm0Z8EmPbU/JmLYMGB28dYhZqyGShtqUNTyj4T4JDp4Mjd6Mk4IQ9kx7dTUuBeRIdST206rj0VvLqR6Z43kqtHHu7Kg7qPBJD7u7sqVNPRThOtLTE8TwIePHL7J0+TGBkx93iuDz5OFF4IJpcie2cZ6dSQoyqSwjwvDXjxz7O0d9koEotEx2pw9sySpRqJKR5cNFR2xfxaHyy5IwjFYF49NT1pcjEx2cMn//EADgQAAECAwQIBAYBBAMBAAAAAAEAAgMRIRIiMUEEECAwMkBRYRMjQnFSYoGRobFDFDOCslNyc6L/2gAIAQEABj8C2Mdo7ITeSwWCw2anYG5CG0d0Nk78ENDR8xQEeNDnLIpoNZ4EJ16RCnDIcOyt1V42ZddRR3AQ2Ttjb8bSAZgqKB/chOukdE6Tj4kMIwXG2G8JzCHi2rI6ZryDKxn2UwZk5FCtH4JrDOclZiiYXiQbzP1uQCVjqO+ss+5VuP8A/adDhmyyVKJwPqRDsHBGXsrMrzcCnBzTZdxeyEbRyHNHwq209wEJcQ6YqmHVXTX9q3BlCi+puSnZoMxucVPe2RimmI09UXPte6DXJ3ZNObUXfcJjwUXB2LpKy6nQhEsbmvEhEtIrNTe2y85jAoeJ4jZ5q3o7xEb2Ra6dnoUTBuRemSsu5U6RpTgGM6ryIFzJz815sIe4VxCamMFjRSKa0Y5oTq3oi6VzAyV2dhF0E+68N9R3R8NxarMQ07qbXSPZXseqMuTDRmmsAnDh0aweoqdmTuvTVRUafsuArhOwLOOatM4T+FaY7Hor11yy1YrGqryb3ZyTXu9OC8M49U2FozLzs0LYtPzUg0LgaqtCNJI2F3WIXZUmrw/Grui7IK6MFJXaqXIukpprWCatOHmnapUK9Dk5XCZKqm6SraK8uGPqrx+yl1Tmiqn+F2ThKUuRLTmvZf1UcX4mAPRHbrqN4ouMQjVipKQRDMSgY7w0SonOhulZN4dVP89eSDP421eg1uA3UoYmUHaQ+12yVluOqhUuiJGp9KykooceGreSERwvRTPXTcu7Kf21TOv3X0ThPLkRGjy8NpqCrMMNstFFJwUwpncyag4GqkpIKmootJRHIRWEcKuvMP3RAJij5QpDEYg6rTX0UycFJzqriVwz2TNdlTWDqMsk4jPkNL6WQor4MMWW+shNY6Kx06VhEFF8UWT+9UpqUKq4Ze6mQ36K04Ob7bJmELuoUVFXUTyMaKR/ddL7Kz6ei8QQ5NZXXjJO9UU4KF4xhBkRtq+Cg0OsONaXmqy4trhWhU2iWoavdOcDVftA0n0RsiiqgpDkGsbi4yUKC30NUl4YwGOuSsvE0BEGGBBRc2bnH4kbFFZxGquoruVPJAuNAiBmpIEYqvIaK3556p/yHfV7yXyHJY0U4sNn+Qmnf0kLwowwIErSc844cjo/1/Wq9iqLGS6t3GOuozXdBrBUqbquTSE8NFJz1Hf6K759VziVhuk+ARlJNfCjxIncFWNNExk5GzuruJTnxBRqDoJ+iKae6dyMA9HhXlRXgCsJBVeR7KTfzugo0B30QMpEIAlS6VKc7kYIzthNClOqnabL3VFXdVUyjEIlNTUxgj8URduR0UfMrrpdwpsjA/8AYIzhzHylf2IvsQpG47o6iunczQDx7FUCq2aL45DWNqi/0jAclozzgHoqlQrLoclRq82E13ug6ELEuh1S24hGMk0Ei0BIhcQkqvBd0CvXYYwbqqVTkJqBE+NgKqqKu3TVQ6ixcXhn4gohLi4tbxORJz5XRScmKiw2K6666YoKuogGrzLd13cCWU1Oan1U9x2U9jR4f15Y6PG4HGbT01UNFRV1lSbgr+GSlKqrqw1tbkGcvZDyW9CoekStQYgnTJWqzUq0QAoFWqEwKqg1T2v6yHxs4h25jRR8ittFmfRXKqUqqbnUQxopV3Bhvq1wki/QwYsLpmFOM1sFnWIUXs08FoxuZow4zSDlymi/+Y19NdNxLVOLQ/EmMY3yofCPjKsvIGkt/k6dlZ0iGW9D15PRuhhjYru6ofD6G/EjevDid07BAxP8IfXuURHk5pyOSJZMw+vIyhMn3UGE/iY2W7x2J/xf7lOLje9R+HsEKeZ6IfTuUYkV0yc0LYoFQIubOE4/ZSiDe2YbZlSd58c4MbgFflcE3S6o6pjFVO7Mz5YxIz7Ksg/8Qwg4i9/Gw/7FOiRXTcc0LeCIQkVJ2KLSJhWmXof63dt5ss6rw9HFlv5KD4nEnxXep5UWLCnZ8Qiu8MWMZAKUF9ml+1QpshX0M+HujEdVgy/5HJ0WKbx/Gu1rqpOVqCZHopHHborUa8/Jim77Lxoom/0NT4kU+YcuiGisbemZuTxmIh2abVuKfYdVbi4Dhb0WEkW2rTXY2kHOAa0CTWjLYkdm8VamPrt+I3jOfTV5gnJGL6pyHZFVToY4HiZG0Nh5GQTnxXTP6R1V3n//xAAoEAEAAgICAgICAgIDAQAAAAABABEhMUFREGEgcYGRobHB0TDh8PH/2gAIAQEAAT8hyPUpmYDzHO5y4EvMxMwWW5lBAJIZZrNyxw6l5mWzaK17lhdEAMvxIVw6TWYJgY7JhL5GGPhwkNMRHNAXUX4aNVLA1GbMDcspf5Jgfc52ObWa95mBDHnP3M8tiKW8eDcIi7G4DliENyzWTFL1KJX8pPHwuXGIuA1EHUJNfxAB/wBQismcX+5Q4lk9Zbwbja1LH+8SgY7k2+eIxAWsUNsmK4eqZ6H8kojlpG4IJbTcGMO4sUv1U5Z1IYHwAkt/zsXEeRlKmbh3mTaRMzct+DPjLojxisxmamXp8Gp7KLw1LwkzgGWpsRwF2E/FSQR25UoDp3F5jrUdIrWC5ca7J4epSq2U76hZ/wA9i2d7+ftEqY/PhEagWkFyj9Ai2yxR+VLxTMMuwRmOYYD70E/Sxwv8SkkV1RFlaZYrLLLjSscpl3tCXnMS6hZRLrYIyVSfc5h7LeLCZlbd04YtwLjj1SB25dszbT2mJe+TgXE+ksqL3t4Vu4/Ktz8n1PbMzHIbbiPE22xt9+pacdC0S1GjCsUATaUh9keEcY9kEItKQnWsEE21crUNbYtjT3Fu10HUDC2H/j4gr7TkJ26WvEENUyPEUCh4ZSsFN5l0J8FklULw4Te4E8fJVOGftlmMIpg7RbBJxgfpzNZ98qR5sIrVdMoPvEvAyFRJS61KCLMBHsLMZNdewR2Wk88RYE8gNxSlvGUFBLwOGFGkqxZMi9zDrmP2g6x1Pv50f+35vweaIwxXH2dZeiMRiUIqvQv6hL26vm4Oebm7l9R3cfUUafxMyO4gV1G2g+ZtcXSf5Muee0YPO2oyuR3cdwurJ1Crx6HyJ8jmapcwcFfE8nrwYQPaky4Uw9szzaNNs212TTdyGFhDqp0T8QQvJOYHFQ6bF6NzSpC5uVVWSJxyuoHtlKrD3AjmvUWnfoYhVA90TuDd6mwZVKYbnZHyRRTBgv4nk1OfAstr4g2tRA6XNSoavPr0Qo/vxBrM2wZnsFzgnsjr7qNVkBq/SYCH6hf8jEqBTlzgBZ06DNePaHIhyhCPC3KNSrUgGckj4lUMM/El+LlTiVkl6w41mMYaX+oiMweliRfMRBJVupeGKpcDpaJfmx9EBOGiJMqe5Q0WrrUVEudsWDRqE1eCK7CobxKfirkCbhopl18Igww38ePJLx4NIycZr11Er0FAcRGm2SFDifUy6nGcP9QzKM1uft8dEXoz6CUo/wCsKhyxiFb3C5EU9mGOfUvdWyaJkLw+IOZpv/izXhhFVf1xMGoV87lGMpYlsaamGzLcQe5xQoMcFqdcxVwjnwNzDx+pg23uJvjMu94pj9Fi32etHUd/C4a+B8Xrxaq1Dn/MpZgKuI6CHY7mENMUAjuJRiZjrJG5IEYFVUD6Ia8+6ikLNZhj2Rpe56JWJ7i2MLNX5NTC7zLGsnEtDY+a8afA8XPvyFsooY3m9xAub6T2FIsv6mAFM6QT7oBLgw8mVwFEFvUFsfymBid0yGpRvCViHt4GcrVpU60cR7mamFf1KNjcSqO49KWMe4RKha+CQMeSHwrwFSibKf2syss5dVGAdRmD9MIfpAf2llFbdWszZbrEzD7FChpM5RWm87XAqFs3ZCihcxMTw9xMbHNxBS1cE9TSyK22vXUExuCYzaDBrNxDcYitPgMeEtnQ8h5+/HMNTsY41gCmz/6lrh27Q4vi1rX1FOhRwEFVYLsgN5t1DcvD0NTOrLlEAYJ/oxK8R9j6GVYvrBtFv3KoIlOJXrBgVTDrdeoIbM0K1ATGF9mJTiJZl7hdq1AfzfC68cjmUfMZc06wfbC3wQ+3mA0FrxPvE9mAEP5Q1GGo7dQOGO6K6CV8hVq6j8SlvsYKs9C3BxavpEBiXD1xKxtpvHMe/WvuKlCvSAsffUptpcRQ1L9jeVXgyww1x4n5jAorMn4LimqDuK0Z/hIjdvPcqm2EdMNtlfUBogNIjmBccpRCKU5xADeylJUoQTKM3MFbOWvH7D+IiOW6n6VHrcHDqbKxLkSPjnDJNnmfEICHmv8AKNJtKlNs2SFVBRZTckyH7nrmfV3L67h9QiX6qIjFBD31KEWVQhwiH7h91gmiHckQsFvEGyJ6dyo8XMsZkywQYJW4svznMMcRadifueiZhVr9xmHc2P5jpxfRiim4Xf5jY+a4jX9zT/EKaIYPByzpI8o6f1BoQdootg7cmXsjYDDUKuSFqOpRLyx5+NQJfhv8ttQ17iwH/Zm4sMVk5cQiqmrihaOMEyt1Ga6O2NSsQI41FOPD7Ag5ceFtLiUFKaRjCBi/yhuc0o6b4f4oGKyylkBdSjF84UQiot/M6ZUTGC1/bLwtBFt3biFmRRsmHOIp6oLnFQDYlxYR1FKx/cbYgQ0TDKvdwQowfRKxDtCN4ajo1W30QsinoPUXSoH7S8pi7ISCW8TsT+0d+anPnnS7dZ/oWPRM4WIm6hd1FrmlupL5Myi607RPp6Yne44XUTYTa5mhq5XcsXEKzADLAWwnqnMg4zZuGKCCWngeo1vWD1Qo3mXsGczxFpHETOc/J8AqoVvrU5xuCY9hG3CeSGYmsZn7IM56WxgiUYxKDhLZLJdZj7l4Ux1buotTjqIlHlPCfRvYMLWj3YixPvZyQsP+ZiVBswvsm5g58LI2XMXyNPwQRsYn/wA7IThmZu8EA+Uw/U9KqiN3uOeb+oH5TmKV/CfcQkug+5ov8R8nbDKP8hGJsVrYyZbbY5V47nnET/yp2MGfjNTj40yTBKgCFVoiWp+EVO4iuEqdQg9ipeoBrfcojGKyG3lO2VOAzHwvwfLz4VEz2m3w+5jn4iLap/cMWDPMAceUdRllFtNQH5lTYqV5agUDc6uYKnMWNkZxm4HES9xFT+Z/xj4m4kd+dpo4iGuZfU9UfgfjfyrxcKWO8Osw9dJVSybuFvHqW4cmswgG4GSr6IoJ+kdKwuhHCrpiBiupSZJ6eG1lqdCLwwhNkHnbxYO5Tslfi2/4BhT7RpTK71/KOYvGhjp7n5jTHqpbdTSB7XU2EzzHY5p4li4YgnL/ABL94gkdZgCrmCuuC7cY4hCX8WqYIUZv9eEf8fSFUj5G9m5w/vF3I6StxmibJb9JS29CAv8AqDwuaZZyuC3j+Iu9R6YEmWEU2c1/q5nsIin8THU1kN4N25O4/B5inYjWdfG/+GtNf9MeCHWAuC5L9iczUVEaj9yZE7zAs+pWME4gW0RoeAlBEwGqlwPQH8MSZwX1O3z5DA7GV8DglZr8wNxTf5VfwJS/6OUYhzfuYXM2kKF/qZ+nUWoeLbiYxBr/ACg3j+ZvwNtjYcOYtja2uVdvqFlx+DkMveeWAVcLVr6gpL1Xzt4M2vwwub/Iwhi4odtTUSVUvhPqHY9TuTtXU3d3qNd/mBUG4vUdwHJiqMfuEEfe4PquAM/6JiRp6z/ZLOC//V5imFWwd7EwQ8kqZHUR4DVlsxK9PDBUFVmDjhnOYzb5YoZR6uI2LqbF77l50AMHA/EP+yFaZUqOEf8AMIeWeiqlZZi8sCvAS8y/1LaQfdxBTa6uZ6RC+A/8e5acfvLC/HbVERtxLsuhxFBoXX0uFaT+IiB/kgVl8Ga4m3x2lBR8ufqLVrbrbFEmN1zGaa4voxLCFR9KnDODkg2c8QBRA7G5c1cwC4X9CIDHjep/MTb9RHRltAdE362fW7xj7+OX+iW7F/A6Jds66mDwxi34Z6jhTFAWJxqe42J+gxaKDs8+3wEoC14gf/0O5xcNDRMpz/8AWC34foJUKf5FvEKrWW/NRWVccIfv3E2XAeC/cLtXFdgXLeP4nt/MrFuL/wC+qWCD60TQ09TQbOVrq+JxJnMY24xELwwdMXq6lDZrwYZoGVAVRw340UZXH4VsNFv6Rkq3NZHHiAKhX0h6g4K1Be2JV+yCH+0zP1GrEtbrxGC7hHBgJxEElsl/UflYgcfSWC9RBmosW5nARw1wzTOPucXDRGaJc5ZiE//aAAwDAQACAAMAAAAQ8hmGBPyFzVUY1mi/0X0lomDFJqd5jdN5j8DAIJc3jbSOZvuFhBFldr1ZDR514PgthNxcJaVQOU4WVTVZf3jxX0nKZBNtMBQgT91+RjCINqcGabSZJCBR77fdAu6CLPfdhiBVJFml7lla2hHuNpy0ulVId2fDzmHQHUR+d7aPiX1BiV8CthBVSGhJSrI13oo41wly9eJYpphK6AQNQvIav5ns1zqyJRD9pjcnieYy0JOAtR3WJF1mjV7eG32Fr/Um/wCwB7uHT0pqrM0QXdrk1K3T1C2l86qKexQVJeCLsNIAMiS9p8QgQBXTmmCkvV2v8qR/vwwVVi1IH51qkO/3FIQEqQ9uTgTzEWsToCSxYxv/xAAfEQEBAQEBAQEAAwEBAAAAAAABABEhMRBBIFFhcZH/2gAIAQMBAT8QbZfzeUuHbDG5H9pLYUgO2lhHzsT8Dc3KzED2B8OxMO2A/PzWF0kt7BBiN0GRx+kdTO3ph+jsVjhZEXYcb120RjE7AvGA6MJFwJfFuYFl5dEERmDl35D/AGS8tfscsuGHT6mHxnywLDsPt5eOtnl6h2/vRJOZbztv9W+GXc+dFr/HkbDvZAZZsnlgZeoR4W9s0pCD8z6P1JMnPS0XuVkuS4KzOmO9uO2I6fQPx+uLPvyw5AJsk8bI+mXeLSKPJ0xt2THkrhDsxN2WEA8wM/7P7ZKRt1nrQhrbCwuS/O0p++V/4Sqcl5y7MlD2ZO9vVBPIZE7fqRHsvIL8tk+WIyIN/YHsJAeyd5LthjPJYZEXcZk2waz3Up8D+A8lpNWPRu5H+3dGHfJM9k0tBvLNWRkq9Zz2P0jjsjjEzZX8hZ8vEmwv6tWBPso7xv8ALdil4+MfPAzxKLrpLh2X9RE22Uy+Du3C/siDv1xkAIgtiDOsORGBMPZbl+Hez1sO3mz+CINtexzbqORbInHdtHPPniSXeR59eodjoXIP2yBIDvwv/Md7ZLgLLkUTSdjPz+C9iF/lj8hQyfMs5dvJdKVaeFwPlvCdQi0n3PurhOcJ7ftPCAe3RZhbvLxv3kjS9m+Jbk67LOWbY5y//8QAIBEBAQEBAAIDAQEBAQAAAAAAAQARIRAxQVFhcZEg8f/aAAgBAgEBPxAhZII9vWtXC27GfEL8zgbVyckZxkkctmHJcbHtngNp4Xyh93F9S/fs3WPcWpnQTZEV4ZnHLRZ23D4zPA4bI3bYGBCbDzLPJa8BYOSh8DLuX2cmWPbFYAOT2F2yWMmasP8A5eitHu2fdxgEAcgExJ20uOWY3uUcZYl8EMtkT7sme0r1vn2bOxcvGW2Wfd+2nz4yGDi+b3B23vhB1I1lIPmCB6GQN4u3ZPrI5x8DZ+D3F+22yBjgiekaMDYZEIWTfbx8yRiPGQbdAsk9PYqn3BNWQPbbAnBgTkGhF+vBaNgxy54cdtYe5AFkYk37F0q7Ikjtmeh8CMT3y2OxbD5WMfV6b82Lp7lRrxz6gwnfSe0X/ZEP8h0h2In42IP4rZGeBv8AYlwXuJ5gWSMB33HYOhFK2CF37K7N6YxPy7OwTy9ZJbYyxnZ97BpM9z1IwE53LYnZ8dhpF5sRkfVsRkHYLALG1VeWIIBEhhnXb38bL4HL9mZENlkkLyO2a/cSWMgPHCeclzyHqG08HfEnuT8SSDGWwL4uPcp9wyQM7e87520lfLYcZ3tq3z4TPEnj2fR9RRMeN8+HpPv/AAsC9+ft/LOw7GR97KQZ7RnotojXace5SxlyXJ+AaysVvd5Fz3g9TnxKW/MtoqT+WdNWDr39v1O/pc4jJ2/Q/l63tDDHTkcW47/lgvvsN66spbsOa4dsXOH5Z4kak5DYcge+m//EACcQAQACAgICAQMFAQEAAAAAAAEAESExQVFhcYEQkaGxwdHh8CDx/9oACAEBAAE/EGs54XLwMa0/pFHriyYwUL+8WsQJe5Qs3z37IbcWumKJ6lVqzmGzjnMYC8VvzMZQJEAwo7Z2xrmHVw1QbxmWYHoRt/MFnmjP7RMy9BLQAeZn8gueIhQLOYxAg00zP0tahPYG7riIkxjT8z0YrdfdnOZzjHqUU8+JRZKgV89SlWwM0nvLZfErz4u/iXLOcpDasg6qA3BGKEN54iSrNOZYUq3ll1gPw+JeQq251LEELZcIqvFxMFrB83K7mtbYr0oLiHLFum/z/UetsS5/4i5ZQFmPMXAlrVQHWkD0gIHFyg7NwLqYfmYStnmGHQzgGs4iIGt4JzOjz/vEAc/8ZjRd/QXnUOljNX3BIW3wxMxdB+P0lShhwRD8s/cyrClxTTuBGbfEO8N4g1FdvfcR3ccuD1Flt3xFXu2Wpe5lP86igDnWWo0QrzVYiS6zccncpLYH5dRTyKA5h8ptGr1mM2IlWy1VFmzE0QwUnlKAYy9idnEtPgp2nVnTF8QaTSnrcYAuwgYx9o1VlXu8fD1MDC8hshLqbft3BXsxHePzLxV86+n4ly46bm0ww1pQXniNbH31Kgvj8QsZFHe5fQm9VcQiis0RHbSWn9RM9RL0n3icr8QK2sbccHNwTNgvJuObDAf3GrUBsdMQ1QQLc5XxAyDYgcq+Y47BjYpb8x4qO/0rafQnmpVsAJYhzfdcTNCNSeBP7xdQrwqbIsMwPvGLPLHxFlM0WF65/WDguqvKdu5areheBe8n4jfAJopnpE2SncFHzcXFS69eIVUYQapHTHp3IviDdE1qqJcjTGMxGG8BREVV3NivNj2RgqrcWniYx6mF/fuJnKyrNxmjYLzUBSKtWg9SjZQnHfmZk3a35ldFhJOwUHllXi1ESRzXI9x2jDGSKGsLZQz+qwgKEtRkwvzF4DhNc58RO6C2prfvUMTYs+58xGpt2zQJ1GSKvbDgrks1OGR0LewcpHbTefuP4qCggGhZc9jzCIZqiVs11K9tLXor+MRACqdRTnmJfuP0vENiC7odsoadM337jcldY3EQFckGbVFPAS8sPxMj+5Y/1Bvr3KZSpzeo24rbMUxoxBYtejcEXIvNEsreyFqCCsKU4PLiaaH87jw5mBDiirqoTrcEC3V/mbhqLeuPtMEc4V31UF4CnCy/hhyi+s/zG4AFmKN7go/tKEcJUQIWVeBr4XnxAlYQ3SzSblCuT7u8n7yxLrjFfGahwYrUvTI7nBTB7X6+osS4cXxbNy2gEdHMdssUAj9XANN7jEu3945N+xlpzbxjBFst79XcQ1odxaefEu+NQc0wRqtcxvjR+IZbpvxCerFMVxKKl13Htdcj+oqBm9EGwmiHhnvxLGzW0UxgRmIkOicO2VLQGau6N7mEm5jONP5/EI3kt+cOyDNFoeq/iMjCu3EcBWsM4cRHb2j0+OpmEYMOh2eIJ8wm2XXrp1B0aYMDnHDC6AoEocUzDlhf6GHvLswezj3LckGWz2TI2AqxTshoKbXiIl0z9a5j4tOqmq2qhuGr4pmfZxpLtuLLENxFk2efEccwias3XcCheCGLpR3iDfe4V3MbPQ/m3K95u2F1rLQQ34RvzGQrHAA2+IYreDuDbblZmU8Y5V3PqZAB4ViNZJTDVFxsh8agzLGvswCNoHCPD8Rax9FpwdzPAHLlORJXhhQKnyRSdcN+0e4VHhR5MfWZ0XcDsNhepQ2NDq4Ka39LlWEqVyQgTem4pUxXcXOLi3v6cwDpzK4+9SjP6pFQMD5w+YzpLOITJYN9JBQ0Lg8y/eNRkr2nFvBMrWgyueW+s7ibU7v0PQdQaOKxwSpd27r3GRgsUyMooEtQ18S1JKyuFc1Lt6CArvMcAh02+n94ggrNrpJSFQzgyS9ItPN7uPYRcekpcI8YH8wbQc5XDTWHjOri2shgvF5lL9BOBjOkDk+trxGKb13MrbmYdg7qXF+huLq4vmNZCg8sxCcMzhZrcrI/qQBzULTjUB5VSVAQXMlhN0BPdeOSu+5oRsz/AEgOErxzBhqBmtTDIeGoFrfEahVjrfslXdDrVS0o8NWMY11Ww181GAG5rJgLSngAvMXcArD5ZV/BpDxkNEUtpQt1CVuKVQcnmYpc82OgeYaaeadhwnUDMylHV8yszvqDRFHzx94Scj1F+oc3Co+IU9mvEf8AMpVceIJFfv1AaXrcqcIDeWOk7tKvWZYCqZqhbPeWXko1co4gHkYNafiX0C1o3E/fKiYl7jb55ll3VGjaSgArfgIpsqtBfzUWuvZW71B15kDNe2KlBeiEvMtxoOqJkXK0gIBQB5e4AUiKzRuCw6CUVyebcxkNVnHAFcZ+4xhVc4L25Ynn6YqIuEJ3HAfg/wDBuBSzrzKbvV9RyaqDNmuplla8svK1R+kwQUp3H8ab+rp5X8SssHBDBXWpfBzbnMEYAXnMpK449Qw0DOKiBjzltiuiKXVsCqWi4ADG6T9IW0DbN/7zKFNbDeeWMi+834RFVZOEwNP6hpCJg8S6K6w3AVDa1H7ywqKgTFTJUQ/vHehAGgOU9SwphTqm2o7fpc5lfb3KOg9/8B1leIHx4lLaRzm77hgunzFS6V/EFBLTk8wEFlPOJXVcopSp+EboBm4qOC4jouTs/eUkQtOZm0JxqFhh6iUqh5MQsBbHKwa3QyNRlpdbuCyMvHbLrLZqpjNbEcXn+pelT1FGoZRWydDiW6wmNPcpSRJn3HGsJKEVKBscJEJMtqF2pm/63XudvMzP/Az+8G9AQUDPzLOPvMhXjuYLSF3tI6dovAmaM0jQxEBpgA4J511nDR7uDiXANwzIFLzqVfyzMxv7i0yNmZdRYbuVES3gi6aeJsqOnEW0lj7zF1WutNLE8EIXf93LmiAYd40CsBusFRApa2Wc4mMkp0jU8wra1pbKnGQBrH5it7UOPobm3X071+pnFTUxphpwWDLVnNx225+80as8EQf1zNIQRAN605ZpwYOIv95Wt/Fy3gc0mP3i3Pc5vDX2jEWjdZgR1VzYf91A7XdFeXvUtCANnN/7qMGN7F/a4rMONL+ajZNNNQDG+9EWnaweYhIt0bDXMvAGUHVcfmDSiilhaLLuwrpV0/iVt1HDNXMxQQLt3BSS13GY2Mjtg8YLbWGRljSXK6huH2lDWL6gCbxGMjP0GptmbeZWF14J1n4lX/cMBKolKUcTxi81ANdiby/wSkwQuBTBbUUqlwDAgocuXGIoSYQ+X8IQMZMpEGKMhZvmPQbaFs2/xLICG+R4uYibi2/FXKiZVbhXqupi4dihi9ZHvEYhai6O4gwXOEcDSF8m+IAO1di6bicqyZb9rEFRarwZqIFpZ7OYhQASqOHNyu8tYJSgVtmreiGMYWyVmE+UAuwoM63LCjN8SwXl7qVCJ/ENZTDqDZYF1kl3+iGGlPjiGOVOX1A7X4mdKExUe42kCR35UcW5Q9W3/czMuUWDAvDmCNLCMV4mILHKXGNFXH6xjFouKd2aIqUR2KswVbvVQu1p2Q3miqDjFxYbqVbn+MzYYXYuzuZ8xmF4GxFqWmyhYcS+yWl3yH4hARBuWGxBmiOdeVckuYYNqBYFaWVsO8BC+YUidh/iGDjkl76jHn0dRywzADHHOYarvxAuRvMKD06jKqL8Sqg89Qqswax4lg5z8TnXwQCs4r7QACbrkmV477Sj9ZSWa74LXyrBZ2Y7Moa9yGOmH1T0w75QcpqV+BSx/wB3DA9B6PcvqQNoF1nFczU3C6LzjBqU1Zq7yMY4+I6wSr1PTLjFG67+IZlodpzzzDVUQUCGugDwFdXHHO+AQTtEH8IjlzMxYJjDajopVwXRfRLpCxcEbtW4IyJmu/eYlH5l+z3BrxysIbC87T9IGf24hrbD4gecQCa6sig1RiDZVYnkwR00AXhv2wguc9poqMXm9/EThkvK25l3d9pUpc1xKuMY4dMpxTzUqRFciRXMF6uGdLzjcQlLrkgDNwVIq+CO6XeohkAZRSdcDO/8ShD/AEKn3hH3qi/OIwbMrb/u/SM+eypG3/lmeJrrVjcFoMFw8f7qK9CBqiOWWXuaZirvPM4ijzMTWMRAXeKqUFDE2+Js4uWB/Evi5eb17gW4uXaaqWvpVfLNFF/mVBu0c+/tMidBq6+bINqSYRKmSWlcX+xLrRxkZiG701hgKW+Q4zGoQobYxC1cG88QBtWx5hmqY76gLbxvOoIoomwXLFg48B6le3txRkJhZtqHlWBmuBf01ysmLYpblM8QezMI9W5VXMMTCt15/uCll8xssXPWpRVcZjO6rjxBYYfEIDd5Fh5W/wB4DVwV0GJow58TF2zbXcsscdTBtnjGWO0QIQ4CfvGiSppx5gRSDZwfMDQ6OVe8LqZinF3TI1jEZKcCB+B+8oIcuXJN6WMjiXelmOniYSFszbc53i4B3ZplZgI7Jvs8y/BC8AxQUoFojuWM777ZYCNwvEQezNB/JGSeRDXVoK+Yirql55qXGTsLgo4NpXM0d7yQLkMO+5xUM/zFQ67JTRisZJdHeOIsx+JWqMS/tF9S57PmEc8PzADlSYOY1ALVvrmXgJoO2JkXZBHjvoyZ1FFBQGzNfEFGYvQXviIR3Atb8/Ey9JxZDAKHuzcosOXDBbGOOLlW8FhxCAKRv8S+FstEXQDimpTLHBeIaQJj1UVOCBTnVxtRxSIrmtyi8oBXF9ku9LEOAYJYCihApFQ2dXmAVqpXEaDziL44+Ym3WHuBtDR4gEAMHJAKJPh7nd/efL5smudRte5Tzg6mVc1KgWsVXMvVRAS81i27qzw9+IqscbaoYuxjQM+Y+1NQRdMqZxr5/iEgUGsOoSLfcQmvtNF5vMxCdV3DDBHXCGkZB9zEAXutPxqNagzkLv8AuChs02XmXiMYMrLAcNNmvmUyPsYuIF5a2uyWKuyQcMTkIL1V/wCIliZ2pxLkGe3Nxrlv+YqhdGowmPxBA4GvcRTheatiAT9Evy+Z5UgfEy/ia8GGJdPUs51ihvULmKDLw/wEvK9hC/cp4S06veTNxYjuAL6DWZd4quoQ6RYVmKyWfMxeCyFg+Y4GqD3LCkVhZjBvKcy1hsN0+4VrwvBLDVCzQ6PExVCpW4Kzqt1z1ETI5A6gtB0NU6IFHmg2/aA3A3S1Hcy0vl3qK22v5rt7lTapK2/mY7bnDeAlsvHuWFHHmbF47hIXfFlQwyxWf97iFTj4mZqm2N6H6clTPcvGtTjPxNMrcGmIVqc1ll+GA1BSCRwnQ2m4ebFlla3HQRRhSCPT0q13EN5FQL4ZVZUtVL7Lo0uZQr2FkACUNr3xDKKuGsfaUkaaUQit2vtB5qAYDiPIoUNNuv8AeZT3ZWwKv5nRi9kPdGJb9tR4pQW499plgZw3LYS7x+35g2KmhXPxL/OJUWGBd+caJijW8xYQFXjEJVAeyI0GptzrzKvQ1F7qyYRqXwXmKXqo73HcZ2jI+SYiCkc2m/zL3eML3UK63NhfupYq7jb1DKDLbolBG2QtqLqLwaNS1mYaLQkBZfTm/MpDevf6zeMui1UJSwpmnNXxGvIOF+vcHkN8oXViAbtgVW3a4eiX0JDjTW9Zj11FS3MLjXUoc48/iYUvEdK1f0yeoSGL1C9u8WgcCa5ef9c5eKxid858ys1eY0c3OF4lm3EyYRuL19DcVzMDjVKVcrcW8rNky7uGCao9QqIDW8O4p0BpAy5niqqTqVNJNLwdeolhWeTrf7wlUCpQV+nUHloVZqDL4si/iBRUWrzZ3FEDdW3xCbKNWzFY8BqZIAh2UrUuY/aYHNRypq4lvONHmdH6XZmUgTAxkEuXVW963DcGG81L7HzOJdYzDfUqu2MEaDyiraOo7+hGw0sdI2vEfMFv/UIpergkLIIU2S2oG2ZSoRGQ0hLNs55zDsj6FwESea19vxNDgm14mH7FYaja9G8B8zUipnrwRCWbOOoYPAqggkc4zEq+0XxrhDWFJs01jmJRxZA6dZmCjvUMdRU8hcQA/KIDAc5iKMGzOOYja+2KlLg3qonZfEGHhz13HqLe41x9BmKqaAvCK6HEZVJ2EN835IOUC2jmDzr4ukPA5iDAKwGoF2EFW/7lhabW7DysZtOohedUyuyIPL15iCqvAdVLBQczQmEvcjgjCjZoBrMxGijFxS1RPBHQqGSIClOB5byQ0eYm3fuDmhb5dMRWzNN/QWobiopjMw12/mc4BrLkgt9zm9+Zc6sx5ig4uuBgBK3xUHyy+4rcv/hDU0sToBfF6ipABe4vhWKmKQAJug3UO0Coe2bl8AVrZfOepfwE0WM6zFGFNtgDusMaoIyVhZiwDManyQnbWoKzKjK3YDAf640F5goqWkyVm61OcY5dxfxVbMVKwWLSHZ+kDa2LuHkhKw5e40G7sZgrt8y8fS6qXKtw6ZjVWd1KDc+0BL2mk5lC49Mrei4u8F+eJaR3/wBG5eRkUTDeaYvaSNKtzdVLg2vAtL1+IZyAtLQ7uYrkyZHv1/5LSpbQlqC+AFWTawLKDBfLERonKaqVXxZSxsWMHCRBCKUyrfMFC2mDkluh+8Am1T2OH9Z3d0OXXRrMpgbL4HgKvyQUKrajgGckEoSw1etDw0/mPhPv9DcucQ/MpAKOWXHA9m4Qt5/eLSCuIRlpeK4+oX/wQ3wqoe4OAcGb8R6tKhsj4GTI77O+oCgKOVcsZCitjKC7dX0yiLQlazT3KoKtNiy1pwboiPyYazKZUPUtd6NeoFhhy+JQSmbv1Exk13Hh+G8nKaTmIaoUgvpRxdv/AJCfuMlO75af3uXjzLed4CRyfqwRa9StNGqqCAimMIRZKTHvubwKvliyz8/9HBNgsiZh5X4iujEJw0v9IOkTm/wy49RrlxiWLx0F6loHh0YiMbo2Hr9IGxTO6QQs04rLENkHF8wMtxloaM5RVoI2Qh1JzWpeFrNxKHHuAxAFlwB3KJIAYHCFeouDo7iWVxrn7Jf9SiBtWNRQrWax4YlfQcPzzLANFkDk+GpjtfRO5fdcRFvf/QppvjEAzWW+Iucf3AWPLxG/LK4V3HIf+Q0sP2XGkrkjEdlLsXiV3bFeHzqYhm2C14I6NhNhv4lZW0yvMZjjGamaq4zVw5NUIDcYgNmCtRFdrcNI2az7JkdYYLVHb0QW6oTeLAHViAmqt8GSuiLXNHX5gTP0Jsr4JzcKKLHb3F9UvWjqoFGqP4zZLxLLXkexmw2eJc0HqUDAcKMsHK+mZEW6a3Nt4ev+Qtibb4zFNXgXTt6JcONh6C5XwRhBpVRms1Qv5SMqpqhLqORzfWYXwGjAMLHkgXm3Zks5b9wtiXAMf73BhUAcO4gtVezHqYZBxklqUpwuqgK0Aay7mDhfKqYEC3WOotctqBy+4J5zk4+8vfqWPFcqv7XMpRVWek78gxLCrt29eOoZjkB1ceuLHkeoNQDRncGtlSUuhcVQnVHh8ywNsIPyENcHuXYXb7mxRV0ygjA5iVN3/wAi4Ebjb/HtMabgd2NrvnUsfFN7ScBxnmMzz1S/sY5l0zS0DjqXfAx4BRl41Et98GCiWNpeyJjorcEQ7RzS4isWdWf3AotOSohurrLFU2PvbAA7dXBQG424wOWCf+00/lfGoFB1lWOf/PMdy+M+/wCmPtHxtJnwA4DqFygHSagtGFvtZYq4FHUrheTYxYqTIEZYnZ1R1LAml43r5jDjnP8A8GbCqEKOmjnxE577Jt8/8Nw0hthNm0HB5Z+kCvwYgdBMQ7bDd6XzPlWpWj3BdBWW0eg+Yt9Jg8ES3NGqGtMVF7M14gWUo28I+BozvELA8y9Ips42l1AGgYVv5jUiusUJZSyZ4amZHjNcVBWnX8YPtlmUIg78Ty+YmsaKtYP3I93XGzDhewmIbMSN/wAx5YTBtf74iEkV83KmxHUde4oIK03dXLq8OWJtLxyMVATOLYCF5jbERuwHA3KA0ZdRWDwupu/8EllQdv7D5jUk5bb4gFRFjcvcP92avhO/MGbG0FS1xv3GksYC0ww8NpV1gpPPEWHFBbzVzaBnhKw6DNRVBc59xrxi2oHy3tmpRch/mL4hqLQd55lESUMWWzBZMlgDgcRbVboOJeLLtyeJe8hQIhgYL+YCjlLpZWE5IcnAuDqxa4I1zcQ3Ty3bEymGCRXNajVyFHDKwNAs/9k='),
(3, 'Ibrahimovich', 37, 'zlatan@gmail.com', '85ffd536abe3bac08a92529a97dd34cb', '/avatar/avatar.png'),
(4, 'Pele', 78, 'pele@gmail.com', '476917cf3c5e4dfa272ab61ffadbab1f', '/avatar/avatar.png'),
(5, 'Maradona', 58, 'maradona@gmail.com', '8b123b7a7cf86f5aa9424d1f379384d8', '/avatar/avatar.png'),
(6, 'Mbappe', 20, 'mbappe@gmail.com', '455ad4beb47b2970cd7ae57468d3e03e', '/avatar/avatar.png'),
(7, 'Mkhitaryan', 29, 'mkhitaryan@gmail.com', 'b05f31b268bf6eef7c22d6f1e232f1ae', '/avatar/avatar.png'),
(8, 'Hazard', 28, 'hazard@gmail.com', 'afbe5099e0f5bb8cd70f7e8563759d33', '/avatar/avatar.png'),
(9, 'Iren', 49, 'mkrtchyan@gmail.com', '202cb962ac59075b964b07152d234b70', '/avatar/avatar.png'),
(10, 'edo', 18, 'edo@mail.ru', 'd2d612f72e42577991f4a5936cecbcc0', 'data:image/gif;base64,/9j/4AAQSkZJRgABAgAAZABkAAD/7AARRHVja3kAAQAEAAAAPAAA/+4ADkFkb2JlAGTAAAAAAf/bAIQABgQEBAUEBgUFBgkGBQYJCwgGBggLDAoKCwoKDBAMDAwMDAwQDA4PEA8ODBMTFBQTExwbGxscHx8fHx8fHx8fHwEHBwcNDA0YEBAYGhURFRofHx8fHx8fHx8fHx8fHx8fHx8fHx8fHx8fHx8fHx8fHx8fHx8fHx8fHx8fHx8fHx8f/8AAEQgAjgBoAwERAAIRAQMRAf/EAK0AAAEEAwEAAAAAAAAAAAAAAAABBAYHAwUIAgEBAAMAAwEAAAAAAAAAAAAAAAECAwQFBgcQAAECBAQDAwgHAwgLAAAAAAECAwARBAVhEhQGITETQVEHcZHRIpJTkxWBoTJCUiNUwTMIsWJygrKzVheicyRkdJSk1OQWGBEAAgEDAgIIBQIHAAAAAAAAAAECERIDIQQxBVFxkaGxMlIUQWEiExXhI/CBwdFCYnL/2gAMAwEAAhEDEQA/AJz/ABA+O9bs15G29tdM351sO1dY4AsUqF/YCUH1VOKHretwAlwM+GWTJTQHLF53lvO9Pqeut7rqxajMh2ocKR/RRPKkYARg5sg1utun6t/4i/TC4Brbp+rf+Iv0wuAa26fq3/iL9MLgGtun6t/4i/TC4Brbp+rf+Iv0wuAa26fq3/iL9MLgGtun6t/4i/TC4Brbp+rf+Iv0wuAa26fq3/iL9MLgP7Tuzd1neD1rvVdROAzmxUOoB8oCpHl2wvB0/wDw/ePlw3RWJ2rupSV3koUq33FKQjUhsZltuJTJIcCQVApABAPaPW2x5K6MFA+KFY/dPEXcla+SVLuNQhM+YbacLTaf6qEARxJz+pkEX0+EVuAafCFwDT4QuAafCFwDT4QuAafCFwDT4QuAafCFwDT4QuAafCFwDT4QuBvNi1L9t3pYq9gkO09fTLEjKYDqZp8ihwMTGeqBsd60895X4y53Gr/v1xjkl9T6waXTYRS4BpsIXANNhC4BpsIXANNhC4BpsIXANNhC4Ex8OPCi/b6uSmaICmt9ORrbi4JobB4hKRwK1nsSPpIjXFjc3oDpXa38P3hrYmmy9bk3esSPXqbh+aFHBn9yB/VJxjsIYIr5k0JYrYex1N9JW3bYW5SyGjp8su6WSNLI9BJCd3fw5+Hd8p1qt9KbHXkfl1FJPpT7M7CjkI/o5TjGU9vF8NCKHO118Pb9szfVttt2aHGrYXTVTcyy831U+shRA+kHiI4MouEkmQYN40893Xsy53Cq/vlRxMsvqfWQajTYRS4BpsIXANNhC4BpsIXANNhC4BpsIXAyU9ueqahqnZRneeWlttA5lSjIDzmJUqg7Y2RtOh2ptmistIE/7OgGodAl1X1cXHD2+srl3CQ7I77FjUIpFyvfF/xrqdtVxsO3223bqhIVWVbozoYzCaUJR95cjMz4DHs4u53djtjxIbKib8bfFRFQHvnalmcy2pinKDhl6fLyRwveZOkipefhF4uJ3m27b7k0ilvtKjqKS3MNPtTAK0AklJSSMyZ4jtl2G23X3NHxJTJF4g7Npdz2dttTYNfb326ygd+8lxpQUpAPc4kFPmPZG2bHcvmiWcu7rtVYrdN4UKdwhVdUkEIVIgvKwjz2Wt762UNJpsIyuIDTYQuAqaRSlBKUkqUZADmSYXAu7/5fT/iT/ov/ACI7f8b/ALd36lrSmrtaPl91rKDP1dI+4x1JZc3TWUZpTMpy5Tjqp/S2ugqNdNhFbgbHblSLXf7dctMavRVLVQKYKKeoWlhYTmAVLiO4xfHktknxoC6//om4f4Sd/wCaV/28dn+Tfp7/ANC1xSW4Kx+7324XR9Bbdrah19TZOYo6iyrJOQ+zOXKOsyZbpN9JUYabCKXAm/gsH2PEuzlqfrl5DgHagsOTn5OccrZS/dRKOrY9CXCAOSd4bXqLDuOutryClLbilU6pcFMqM21Dyp+uPJ7iDxzcWZs02mwjC4gkOwNsu3vdtuo0oKmUupeqjKYDLSgpc/L9nymORtIPJkSJR1dHqzQ5e8VtuvWvfNyzIIZrnDWsLPJQfJWqXkczCPMb6Dhlfz1M2RHTYRw7iCe+C22ai4b0p64IOktYL77nZmKSltM+8qM/IDHYcuxueRP4RLROj332mGHH3lZGmkqW4o8glImT5o9E3RVZc47uK1VtwqqxQkqpeceIxcUVftjx88lW30mQUdmr61wN0dM7UuEyCGkKWSfIkGEU5cFUF3+DvhfW2SoVf7y30a5SC3R0hkVNpX9pa5clEcAOwTnHecv2coO+XEukWxHaliK7L3gzd3q+2VCwLnbqh5soPNxlLighae+QklXn7Y4O03ayOUX5ot9hCZsNy7PsG5KdLV1pg4pv9y+g5HUT55VjswPCN8+2hlVJINEKPgFtzrTFwq+j+D8rN7WWX+jHX/h4V8zItJrtjZ1g21TqZtdPkW5LrVCzmdXLlmV3YDhHPwbaGJUiiUjHcd6Weg3LR2F9YFTVpJLk/VbUZdJCsXOMvo74rk3kI5FjfF/wu0VMm6Nn2LctImnujJUWySy+2crrZPPKrjz7jwi2420MqpINEMa8BNtJfzOV1WtkGfTm2CcCrL+yOAuT468WRaT6yWG0WOhTQ2umTTU6TMhMypSjzUtRmpRxMdliwxxqkVRFqEC8Yd6s0tuc27QuBVbVjLWqSf3TJ4lB/nOcpfh8ojq+ab1Rj9uPmfH5IrJlIaePO3FDrCziVooR/u7X9gR7fF5F1Go7jQBAHNl2cqaTc9fVUrimahusfU26glKknqK5ER4XNkccsmnRqT8TJ8SaWbxku9O2lq6UaK3Lw67auks4qElJJ8ko7PDzyaVJq7uJUzd/502bJP5fU5/wzbl55/sjl/ncfpZN5pbz4y3V9pTVqokUZVwFQ6rqrGKUySkHyzji5ueSapBW95DmVzUqqKmocqahxTr7qitx1ZJUpR7STHSyyOTq3qVJ1tzxZvltYRTXBoXJhAkhxSih4AdhXJQV9InjHa7bnM4Kklcu8spEl/zqtHTn8uqep+GaMvtT/ZHO/O46eVk3kdv3i7fq5pTFtZTbWlcC6FdR6WCiEpT7M8Y4W451kmqQVviQ5FfuNuOOKccUVuLJUtaiSSTzJJjqHOvEqJp8Ii4Gyp7/ALjplJUxc6tvIJJAeckAOyU5SjeO7yLhKXaTUs/w78R6y5VSLReSFVTgOlqwAnOQJ5FgcJy5ER33LeaPJKyfH4MtGRY8d6XKArLNWXLclyYpUBSw/UOLKlJQlKErJUtSlEJAEeDyYpZM0lHpl4mNNTAvbNw1bFIyWaqoqJ9NFM8099nnmKFEJ+mKPbTuUVSTfQ0/AUH9Bst52tXS1LzIWaZ95ksvsrTnZTMBxSSpKRm5zjfFsm5WtryyejT4dPQTQZP7TvLVXT0nQDrtWCaYtLQ4hYT9ohaSU+rLjM8IxltMqko0q5cKNOv8yKCVO1rqwunSG0viqX0mHKdxDyFOfgzNlQCuPIxE9rkjTStzoqNPXo0FDONoXBqqpU1QQaZ6oRTOusOtvdNa1AFKigryql3xp7OakruDklo06dhNDLW7Mq0V1eimU2mhpKldMmpqnmmQpaeOWaygFWXjwi2TZSUpJUtjKlW0vEUGFHtyvrbp8spQ29VHNlyOIKDlGY5Vg5TwHfGGPbznk+3Gjl1rxIobxPhju1sEqom1gEKl1UE8J8OCo5q5RuF/iu1E2sifQjqriodCFwNht5taL/bVoJCxVMlJH+sEb7ST+7CnqXiSjoiPoJsUomsFBua4vqfdp0qdqEKU0028VBSyClSHSlBScY8Es/29xN1a1lwSfx6HoY/EeL3Ja26ykdap1OhLT7Fa/wBJmmccQ+MoyoZmgFscj2xu+YY1KLSrpJSdIxbr8lpoTUY01VYaB59VEapxNRR1FOrrIbSQt1GVBGVZ9Xjxjjwz4cbdlzrCS1S4tafEjQcW/cdLSUdqpyy4sUqaxqrAkmbdXITbVM+skDtEaYeYRhGEaP6b0+qXQSmeqLcNvtKKNm2tvPtMVeseXUBLalHplrIkIKwPVUeM+cTj38MKisabSlc66fClNKitDxTXezW5ksW9NS43UVTD9Sp9KElLdOsrShASpWZXHiokeSIhu8WNUhc05RbrThF101FRx/7HRrqq9w1NQzT1VUuoRTaWmqU+sAAo9ZXqrlwMo0/IQcpOskpSbpbGXi+IqM6K8UTG8mrtTM6Wi64PSAAytrGRZkngOBJkIxxbyEd0skVbC7u4MV1LqBBAIMweIIj3hqU7vLZtZa696pYaU5bXVFbbiQSG5meRcuUuwx4jmfLp4ZuSVcb7vkzKUaEY6UdRUqTjw/2bVuXBq7VrRapac52ErBCnF/dIB+6nnOPQ8n5dOU1kmqRXD5svGJZ7jiG0KccUEoSJqUeQEeslJJVZoUdeUD5vXf8AEO/2zHzbdv8Adn/0/EwYzyCOPUgMghUBkEKgMghUBkEKgMghUBkEKgn+zd8MssN226rypbGWnqjyCexC+6XYY9RynnMYxWPK+HCX9H/c0jInzbrbqEuNLC21cUrSQQRgRHqYyUlVao0MaaKjS51EsNhwGYWEJBn5ZRRYoJ1oqgWpqqalZU9UupZaT9payEj64nJljBXSdECvdx7z+Z11Pb7eSmhDzZdcIkXSFggS7Ex5Tf8AN/vTjjx+S5VfTr4GblUjm5qVdLf69lQl+etaZ/hWc6fqVHT8xxuGeafqffqVlxNZHCKhABABACwAQAQASgBxSXG40ZJpKl1ifPprUkHygGNsW4yY/JJx6mTUfndm5SJfMHpeWR88cr8pufXIm5muqaysql56p9x9f4nFFZ+smOJkyzm6ybl1kDix0rlVeaJhAmVvInLsAUCo/QBONdlic80Ir1ILiWRu/Z6LyE1VMpLde2Ms1cEuJHYqXaOwx7DmvKluPqjpNd5rKNSua2xXSidLVTTqSsdiZLHnTOPJ5eX5oOji/HwM6Mb6Gq9yv2T6Iz9pl9MuxkUF0NV7lfsmHtMvpl2MUDRVXuV+yYe0y+mXYxQNDVe5X7Jh7TL6ZdjFBdDU+5X7Jh7TL6ZdjFA0VV7lfsn0RPtMvpl2MUDQ1PuV+yfRD2mX0y7GKC6Gp9yv2TD2mX0y7GTQNDU+5X7Jh7TL6ZdjIoZ6Sy3KrdDTFOpSzyB9X61SEaY9hmm6KL8PEmjLB2hs35Ss1tYUrrVDKhKeKWwefHtUY9RyrlP2HfPWfgaRjQdbguT4WaSnUUAD81aeBM/ugx2OfI+CJZHtLhHEtIDSjuhaA0uELQLpcIWgNLhC0BpcIm0BpR3QtAulHdC0BpcIWgNLhC0BpcIWg31huD6XRSvqK21cG1K4lJHZPujlYMjrRkow1TRXVOqPMrV/LFJrVgxafCK2kBp8IUAunwhaSGnwhaA0+ELQLp8IWgNPhC0gUUxJkBMnkIm0kdNWWpWJkBA/nc/qjRYWxQy/IF+8T5jE+3YoYXbPUtieULHenj9UVeFoUMTDBS82oc0qB8xisY6gfuU83FnvUf5Y1cdQedNhEWgNMO6FoF0+ETaA02ELQLp8IWgNPhC0C6fCFoHtNSoaE5eueZ7o2jChJmUpKRMmUXqDz128fNFbkD2CCJjjFgYHqZClBxIkoHjjFJQ+IFDfrk+XsnCgF6aSRw+qUTQB05niByPZCgANp4THHjCgF6YMpiXGFAGQdoHPhCgDIJngOfdOFAAQM85cIUBkiwMak5jMxVoCdMQoD0hMjBA9xYCcIgBwgA4QAcIAOEAHCADhEgOEALwgA4QAcIAOEAEAf//Z');

--
-- Индексы сохранённых таблиц
--

--
-- Индексы таблицы `likes`
--
ALTER TABLE `likes`
  ADD PRIMARY KEY (`id`);

--
-- Индексы таблицы `posts`
--
ALTER TABLE `posts`
  ADD PRIMARY KEY (`id`);

--
-- Индексы таблицы `users`
--
ALTER TABLE `users`
  ADD PRIMARY KEY (`id`);

--
-- AUTO_INCREMENT для сохранённых таблиц
--

--
-- AUTO_INCREMENT для таблицы `likes`
--
ALTER TABLE `likes`
  MODIFY `id` int(11) UNSIGNED NOT NULL AUTO_INCREMENT, AUTO_INCREMENT=40;
--
-- AUTO_INCREMENT для таблицы `posts`
--
ALTER TABLE `posts`
  MODIFY `id` int(11) UNSIGNED NOT NULL AUTO_INCREMENT, AUTO_INCREMENT=31;
--
-- AUTO_INCREMENT для таблицы `users`
--
ALTER TABLE `users`
  MODIFY `id` int(11) UNSIGNED NOT NULL AUTO_INCREMENT, AUTO_INCREMENT=19;
/*!40101 SET CHARACTER_SET_CLIENT=@OLD_CHARACTER_SET_CLIENT */;
/*!40101 SET CHARACTER_SET_RESULTS=@OLD_CHARACTER_SET_RESULTS */;
/*!40101 SET COLLATION_CONNECTION=@OLD_COLLATION_CONNECTION */;
