-- phpMyAdmin SQL Dump
-- version 4.6.6deb5
-- https://www.phpmyadmin.net/
--
-- Хост: localhost:3306
-- Время создания: Июл 23 2019 г., 22:32
-- Версия сервера: 5.7.26-0ubuntu0.18.04.1
-- Версия PHP: 7.2.20-1+ubuntu18.04.1+deb.sury.org+1

SET SQL_MODE = "NO_AUTO_VALUE_ON_ZERO";
SET time_zone = "+00:00";


/*!40101 SET @OLD_CHARACTER_SET_CLIENT=@@CHARACTER_SET_CLIENT */;
/*!40101 SET @OLD_CHARACTER_SET_RESULTS=@@CHARACTER_SET_RESULTS */;
/*!40101 SET @OLD_COLLATION_CONNECTION=@@COLLATION_CONNECTION */;
/*!40101 SET NAMES utf8mb4 */;

--
-- База данных: `myBase`
--

-- --------------------------------------------------------

--
-- Структура таблицы `likes`
--

CREATE TABLE `likes` (
  `id` int(11) UNSIGNED NOT NULL,
  `post_id` int(11) UNSIGNED NOT NULL,
  `user_id` int(11) UNSIGNED NOT NULL,
  `result` tinyint(1) NOT NULL
) ENGINE=MyISAM DEFAULT CHARSET=utf8;

--
-- Дамп данных таблицы `likes`
--

INSERT INTO `likes` (`id`, `post_id`, `user_id`, `result`) VALUES
(39, 3, 10, 0),
(2, 16, 2, 1),
(8, 4, 2, 0),
(34, 1, 2, 1),
(11, 4, 1, 1),
(19, 22, 1, 1),
(20, 16, 10, 1),
(21, 22, 2, 1),
(22, 4, 4, 1),
(23, 16, 4, 1),
(24, 22, 10, 1),
(37, 30, 10, 1),
(26, 22, 12, 1),
(27, 16, 12, 1),
(28, 2, 2, 0),
(29, 4, 10, 1),
(35, 3, 2, 1),
(36, 30, 2, 1),
(40, 1, 10, 1),
(41, 31, 20, 1);

-- --------------------------------------------------------

--
-- Структура таблицы `posts`
--

CREATE TABLE `posts` (
  `id` int(11) UNSIGNED NOT NULL,
  `title` varchar(50) NOT NULL,
  `description` text NOT NULL,
  `user_id` int(11) UNSIGNED NOT NULL
) ENGINE=MyISAM DEFAULT CHARSET=utf8;

--
-- Дамп данных таблицы `posts`
--

INSERT INTO `posts` (`id`, `title`, `description`, `user_id`) VALUES
(1, 'Mbappe took interview', 'Now the best players are Ronaldo and Messi but I do my best to win them.', 6),
(2, 'Zlatan said', 'I am God.', 3),
(3, 'About God\'s hand', 'I striked that gol with God\'s hand.', 5),
(4, 'Mkhitaryan get merried with Betty', 'In Italy.', 7),
(30, 'Alik', 'Respect', 2),
(22, 'Edo', 'yahoooooo', 1),
(16, 'Edo', 'du bomb es!!!', 10),
(31, 'I like dogs', 'Just I like dogs', 20);

-- --------------------------------------------------------

--
-- Структура таблицы `users`
--

CREATE TABLE `users` (
  `id` int(11) UNSIGNED NOT NULL,
  `name` varchar(20) NOT NULL,
  `age` tinyint(3) UNSIGNED NOT NULL,
  `email` varchar(30) NOT NULL,
  `password` varchar(32) NOT NULL,
  `avatar` text NOT NULL
) ENGINE=MyISAM DEFAULT CHARSET=utf8;

--
-- Дамп данных таблицы `users`
--

INSERT INTO `users` (`id`, `name`, `age`, `email`, `password`, `avatar`) VALUES
(1, 'Ronaldo', 34, 'ronaldo@gmail.com', 'c5aa3124b1adad080927ce4d144c6b33', '/avatar/avatar.png'),
(2, 'Messi', 32, 'messi@gmail.com', '1463ccd2104eeb36769180b8a0c86bb6', 'data:image/gif;base64,/9j/4AAQSkZJRgABAQEASABIAAD/4QCaRXhpZgAATU0AKgAAAAgABQEaAAUAAAABAAAASgEbAAUAAAABAAAAUgEoAAMAAAABAAIAAAITAAMAAAABAAEAAIdpAAQAAAABAAAAWgAAAAAAAABgAAAAAQAAAGAAAAABAASRAQAHAAAABAECAwCgAQADAAAAAf//AACgAgAEAAAAAQAAAZCgAwAEAAAAAQAAAZAAAAAAAAD/2wBDAAUEBAUEAwUFBAUGBgUGCA4JCAcHCBEMDQoOFBEVFBMRExMWGB8bFhceFxMTGyUcHiAhIyMjFRomKSYiKR8iIyL/2wBDAQYGBggHCBAJCRAiFhMWIiIiIiIiIiIiIiIiIiIiIiIiIiIiIiIiIiIiIiIiIiIiIiIiIiIiIiIiIiIiIiIiIiL/wgARCAEsASwDASIAAhEBAxEB/8QAHAAAAQUBAQEAAAAAAAAAAAAABAABAgMFBgcI/8QAGgEAAwEBAQEAAAAAAAAAAAAAAAECAwQFBv/aAAwDAQACEAMQAAABMAp5O+btSPNiNF6KBxGbFdPveV9ZsvUrcJ5Fx1XLF3Z8YO3tpmz0vvPKfUFgZk7mXnrVs4e20Xh62ALzjkOr5XdVRlHPZSi4WSocWj23Jep5xXm9qLivMM3s+Y9bi2+Q0+a4+yddSerszpro+c6G8+uAKzt+fl844Hn6YupTa6bpjMlHqPPzpn0EfgpS+1u50CK7/ByFpPHcv3/B9cDNKMaMkhpJkG+y+Hd5EerV4lkZ8/yJ2L7XJTlmgeb3p2Sp0kC2cY+p67NqG2xzw7Xw3s7o3O5dCePtF0iZoWgwkOikOmEbSyqiGbtNC6NMwxOX9VwKOFY0bZVJJNHgSa7Yvjje7hIFsq7DMoTeL3JM45JnaRI1zNIZqazq7TlOk59um5Ha43GmsAs3i54MApldLNToOKNl7lIwxJ2aUCzdI46xPbzJ12g2tqGkkO4zOK6stCQ5Hoc2JF28btSSRJ2eknZwtjFCOOAnlXe89m+8c18Z0G3Dj7AI6al8vzHpIuh4eL7B552c3P0aMOjAOk5qQzFVsixVSU8/dygDSRb21TuTCQCfRwzEl5fSknE7pUmdIJpIDrcvqYPSe1Ly/L6BmeeHU84MCnG5gmZ0jOeFxvS8LaPFhOz4r0eSmyyFzZq5Q4u45PWqS5pnZ27xdl14l3RAyS5rTtJjuk0ySRJRQS9/849P5b7DN5rf4ehlbPPSiV8GUSdJynC5w4JXGXPCcn0vPepyRotG0RgJVQaujzuulzTWVlpJA9tNuiqSWbU4yY6SaZKQReVovT9XDN4OjmvQ+P8AQs9S8foOI59d8fzWHTj6vqeZ62VehMORmquR60IPKMr0PE9Dm4jO7TB3zyLCKbBtzH0UZFEolPNp0oWRutCKcM6eUXCSZNPOuQTtruF7J2Jz+X0cP1qllrDlurpVeZC9lk9CH6AAxLQ1QzsKi9jwYnO7XGdOT5pmd1YZgeli7wqCgKBnm5TOmasuiR1ZiUli43B2fKnZ2aSSHZ0fOdZB9Dh2D+V0BmQnOjyBIHBPCWTbSQ4UnZqNN8Ecjidll6PEL62tVlYnd5o/IpeiZvZy+VZ3Zcj14jyUqLSB7uzOApIvPpB2fKkkwnnC0LtwDScfQOZuVeJ3ef8AK+pV61zPUQKz0RUb4mE2TU2pqFZXVSnc42qGLoA4z07vHmhZuc+frnyXE9VynpckJyv6c6VfU1Ea8aKSZ4pM6QpwQtjQwOnqPd2zxvG7zX5K29eiLwSYz6BBk5koQYI0yiVTC2lqWrmkhScRQzn6dXzLWtoQPL25cXFKD7cdAwTS7soD6o2Bz1NtWeqZKW6TsZpRQ2xjyl/T9Aml5HVi6GLsvWgXedRRdRVKtVVrJQcdE6YVuqZNzGq9GwaPBtc+lExiO/l2s4YRDNGTejr4Wj046wtlWK5uuUVu6SQnTijGUU07OH0Rt8tteT0l3hWZ6EB3omlWjDsrGDaMEAVF+g2oriZF0uO8M9R8u9PleUJ9GbVXVAzspZGnk6FRrvWTM8vSePvYylDKpMmSTJJp2Qd36H4Drc+nt78GPz36bDzSQvQg+W0JCrDDp0G1m0MnC1OOVVtY/HOA9o8Y9Xkayq3WJUW1siztLkaCS52Tcs9QEEaF2sSudfLaZKGkkCSQJJD+jMve1/L28bC9or0PN+h6y/N4l2lLNjXKKqUWd08XZMjxz2AzXL553fVMXLTw/L948a9DmymdunNXU2BpaGaYZ1hmBdoJXOHHokkhJIbvOWk0tadL+gNESzx+oqwSSU1ns3oXZpkk2UhxhKJUlNpGtrx8NCoh5eNa/G8qP9T5Odj+s5Gq88sJpxswwMlSwJwHYhYyjx6JJAknYSTaT0wV6Tw3pPHXTjZup4/aFm7gWqoIV6GtaaLmi6bMyTlYFioLrYDg66PLLM76ryTRrDPR5xew4OyH6JyF3R5zwlvUczzXAA4HpBGduTRJJEtlwt5u16trbMPV5Qpv0zrfLvTfD7njIHmsyvMhb1bRS5TSSkiLZ4t1Z2Y7y97i2BsKzLRNF9c5GAzB6rIgxgaDr9LgjJX/xAAuEAABBAEDAwQDAAICAwEAAAABAAIDBBEFEiEQEyAiMDFBBhQyFSMkQiUzNED/2gAIAQEAAQUClk2r9nB/bCFoL9oYluKS766ljcmOyC/iefarNlSSZJKym8HTHBwjbw4cOYmNwo0SrJV/lzvnwysqBm91aqChTbiak1S18LYrcuBLMc98ptvCdeT7Tit5JoyKOXh83Fu1zJNuRPhpk21V5NzfkScJjsuYUTxadxcOS/58qX902ekNUsatMTgN1xylei9ZWetP538SynFg+rqBkwaJbnbX0X9dRxdgCWMB8ZmH6hijhka4nlWxltscv+fKvJ25aLw6EJ/xefhF/NqXJeefGj/RUisf110TSYLNOw6q2pLK23Wo3y6tPZ/5DdQfHJFqT5A+4DMbjmt/fV6ruZK3D/PTLe2KOzkOscXJd8qndz5UzhxkUj1MfUoYHzyQaTFHBNdkrxGwTDWdiWvuifNMCKkg70kRiUgDo4Z+9DNlQ2JIjLVr3xc0t9eIjHlA/a6K1x+zxIdxU3nAed/D3J5yY2b316Yq1bMj5DLMSe1kQjcn+h1h2wxkiCtMYgcduSHtFk8czZhVjIhIMdiVonrV7LHQlkhbh3UcFsi38Z6SOyfKL5JTij86LUjLrms+iXUu8n+pCfgSbHSTl63EgyAVq9kiSGzxJY7cmwSIzua3vOidX1R2Zy0iQ5U3DvAFByB9lh9RKKiZ3ZWyte+eGdikbg8g7HuQgkX67wu0UWoelQzmJPc0oF8TnzMlDmYCEhCz3Acot8QUD7WVlQnZHp7wy3Lfbt7H7U1fQo64bVY0NrsTqkTlLpUMitaQMTVdi/XKdE5gAKJesr0oRFzY4nPBPqdGSHNweoTED7Y/9LRtNeJ9uzpumsoVn4L8dCnN3Isc1WIIpRapGJ57gROEZGpri4v3InENV5AnZtfVYZn2BibqEFn24CE7+PxnTBBTkdkk8oddqfDvT9PDk/Q43qxoMMUckLWPc9DLjIoN6igbM5sYjis4Pln2/vRKDtQ1DYGtkZh23wCHV7nKSgZnavDGyZ7MJoAB5IyFvIdFI57XQbaniPb+/wAWqdjSXnl3JLVtQatq28Y6AL4UsjWR6lL3bTz62Dj/ALD+CPUx2D/VL/8ABo+nsnbJrDII4dbEpZKHtHx4Ar7+ETgatMdllgLZB6iv+zuB/wBtyrN7sLxtf4D2/wAbLZYL2kQSMZC6rJps4nY9xaJZJGOZdPY/y0eWalE9RvZIgOXcLhX4sySxu3mDcZ4ucLKPyQoHbGyu3S+99fircvuzXmPg1V0s9Ws9kkzcx2Jdimklkkjp2nllCyFX31317TZVIV9TQiRs0AaewrVcgmMFPj5IIQ/prw1h+fADj2R8fidbbRtwtdDW0ar+1u3F/wDNqn3UYhRYy3NWdBq8cjm2mSIR7Tn0/PSyAQ/AEjw5dtrFKEeW49czh4hYRHsxNMktKu2nRefVI4ZYE7lOj3NliU2lx2BT0mvVc3TI1DC6NuzCwuFeOIySFtOXNPcnkbtacoAkuYc48B0I9nRY+7rZJIf/AKgxvP8AKznpIwOTWhNjasYWOmE4cX2kqCIGOOByGmb3CjRqi3QoahHVrb1NUUsO3qEOjgj7H48duvbuDIMiZmS9r1h8aD8jPQO8MolWGbxXg9fbY1PcWLsjZsDJn1WxSSxBXGJ/BQ6uR8gsLScs1h3xLG6RWILEhtabqEbtMs3mN7gIYcjCx0DkXIuW5EpvpZJN2GVbMNuvj/W8Kwf+TNjF1SfI8HI+TUxuVV9N3A2HawOa17t3qdA2RR12Rta3HhlEolOKBUbcqz/ucyuY3RTZTsb3S75p5OLb+X/00IMyixYTkfIJjlBzbld63TRMTR6pIzkHlr1njoemU7Czwz5B2MaxzrM4ZsZuc+7Y7MET+LL/AEzvyfl7E1OCLOXewx+FpGJNZmY6QyUZRB/yI3t1CaIR6nXmTZWpjllZwCeD8J3TOEybI+ntypXtjjnvfuWBNgTz5Ujsn7jTQiOE72dMm7GqNI3TzOjTbzN/ea5Prx2ENMijcxuASsoOX0UeSfm7J26GnXo7FQPDVd1ytVF/VpdQljl2p0vEkqJ6RlMcFxg/LvZBwak3fqvZlprnuww4H8ovCLgFuX30LsAuWdzrUXers0WZ5dXFKi5254Qci5F2erCmIfBR9rQ/VosjucBDCKIW1YWMAuRdy6Vby4sCaxfA/IZu1pKHQ+DEwpvQ+1oEmdEfIGqOQPGcL5RWeC5OmwHT5BlyQwuUUAYmsQCK/Kpeg8mphTOhasezoeqCsnStIjdiLvBNsJ8wLnTcvnwnOc8xxPcWxgJkSDUOn3+UOzqZQ6nqEwphWUQiEfZhvzwtb+8yn/kSEdVJH+Rc97bRKY8uTGNIHzG1bVjqBz+R6X3q58D4NKYVkJwTkfa0oY0a7osUj5dElCbpU+YNGlKi0/YWwDAj2prcdPhAo9HMbLBqn4zPXdDoFx6Z+OwSRW6stOfwamIHgpyPtaeMaX8tLU6JBjQsDCwvjy3YIcrunwXWGAQMvaY3Uq9ulPTk6tTejk5Hzx1oOzQLlkLKJW4Yzz9dPpfaHzuwJJt63FT2o6zLNo2zbpuhf0amIfDk5HyCwsKvSntOqQur0XJhynPwieQ9BA+H2sInapJd6yQb2oNpRSWnyubaHdhkZM21pkEimryQPam9HJyPk0JkT5XCCCBaPCe44+ojh4OHSP3D1JrF9NC+scE9B8k4Er+4jndduspQSzOmlgw+aZmyWCd0Tobwka+GOdlrTnwEdHJyPiFDAXNdPxUrCFaL/wDBTtMuMXyHxZLWEBYQWec9bFmKnBHqkF1vObFmKtBZsPtT/KjxmyzITXFqhuOaorDXizpwcHNLS5OR8MKOJkIklMhqtbWbudlmqvg0f8fP/iwjwty3YBkW5DoF927cVOG/clvzjJUOq2Kwu3n3Js9WycOHWOUtUF7aMwSp/wAO8YgI65OVp0LJp5viR5zG7LPx+Zzb/wBu+H8J7jgFAeEj9kdqxJZsBxyHFZLndfvxCaeP/8QAIxEAAgIBBAIDAQEAAAAAAAAAAAECERADEiAhMUETIjJRMP/aAAgBAwEBPwFyOztklQtShSbKwnTo3CkSfRDND8kojbTIqysT8Yh4ztVlI2x9DgRi1wl12PUR+uyPjMvAkIqvPNrMlaJwoj0JZYkR8krKKy81maH1yizuRBJIpMenFk9FrwPPsWGTjz00Xhs3saTJKnjzwkuUY+yKLLLHhvvC4PjZD8kJL0WW/QmexrolA7WHhjfKAv6WNdfUju9jeJdD7GhZbFwXkSGyiisIasjFChGZ8WZC4J9ikNJnVF4rDFC0RW1jJfrHkXCuyMV7JQ57rZq6qSHPDELjEfBYsnPaN2+8tCFxgWWXhF4m/thYlhPjGe0+T+nyClxku8LDKwuPRsQlWFmcLNPR05Grp7Hh4XC/8ERjuJVBGrqy1H0Kf9/w0vtMfKNN0dRVmvrPVZ4ZRYmLLY2RuPaNPuOKzqz2ocnY9SW2m8ULP//EACURAAIBAwQCAgMBAAAAAAAAAAABAgMQERIgITEEQRMiMlFhQv/aAAgBAgEBPwGFPI6KPiIxQ4ZPjSvNZEhoguSWypLBCXJR5RFaUZtDsRLu0qnOENzMzXRrm+yFRo1KS42TjqI0mUYYiO8ezOCQ6jm8RIrAzHByuxrHJ/UQqfu6KUYvahlXrBSjHBwZVpRyJW0oV6EyPO6SyPFLolUkzUyNaSKdfULdF4ZSnxunxyVZ52dEasl7ISyt1OW6tPP1RP8ApgxeKyyCwru8N1TPy/UrrjkiKivZKmvQ0RelkKpGWVZ3ghrZkqPMsk5OQngjNf6J6PV6S4IkebYtTgSWyp+LMitkzZkZ4ifIxVJRFXyReUIpsnsnHMWY5I1MEpe752op9CiZwT2Sl9GLk0MaexXpU8ip/YjwR6KnZLZLlYOmOX6Nb2xUXHko0lIUUlhGm0Z8EmPbU/JmLYMGB28dYhZqyGShtqUNTyj4T4JDp4Mjd6Mk4IQ9kx7dTUuBeRIdST206rj0VvLqR6Z43kqtHHu7Kg7qPBJD7u7sqVNPRThOtLTE8TwIePHL7J0+TGBkx93iuDz5OFF4IJpcie2cZ6dSQoyqSwjwvDXjxz7O0d9koEotEx2pw9sySpRqJKR5cNFR2xfxaHyy5IwjFYF49NT1pcjEx2cMn//EADgQAAECAwQIBAYBBAMBAAAAAAEAAgMRIRIiMUEEECAwMkBRYRMjQnFSYoGRobFDFDOCslNyc6L/2gAIAQEABj8C2Mdo7ITeSwWCw2anYG5CG0d0Nk78ENDR8xQEeNDnLIpoNZ4EJ16RCnDIcOyt1V42ZddRR3AQ2Ttjb8bSAZgqKB/chOukdE6Tj4kMIwXG2G8JzCHi2rI6ZryDKxn2UwZk5FCtH4JrDOclZiiYXiQbzP1uQCVjqO+ss+5VuP8A/adDhmyyVKJwPqRDsHBGXsrMrzcCnBzTZdxeyEbRyHNHwq209wEJcQ6YqmHVXTX9q3BlCi+puSnZoMxucVPe2RimmI09UXPte6DXJ3ZNObUXfcJjwUXB2LpKy6nQhEsbmvEhEtIrNTe2y85jAoeJ4jZ5q3o7xEb2Ra6dnoUTBuRemSsu5U6RpTgGM6ryIFzJz815sIe4VxCamMFjRSKa0Y5oTq3oi6VzAyV2dhF0E+68N9R3R8NxarMQ07qbXSPZXseqMuTDRmmsAnDh0aweoqdmTuvTVRUafsuArhOwLOOatM4T+FaY7Hor11yy1YrGqryb3ZyTXu9OC8M49U2FozLzs0LYtPzUg0LgaqtCNJI2F3WIXZUmrw/Grui7IK6MFJXaqXIukpprWCatOHmnapUK9Dk5XCZKqm6SraK8uGPqrx+yl1Tmiqn+F2ThKUuRLTmvZf1UcX4mAPRHbrqN4ouMQjVipKQRDMSgY7w0SonOhulZN4dVP89eSDP421eg1uA3UoYmUHaQ+12yVluOqhUuiJGp9KykooceGreSERwvRTPXTcu7Kf21TOv3X0ThPLkRGjy8NpqCrMMNstFFJwUwpncyag4GqkpIKmootJRHIRWEcKuvMP3RAJij5QpDEYg6rTX0UycFJzqriVwz2TNdlTWDqMsk4jPkNL6WQor4MMWW+shNY6Kx06VhEFF8UWT+9UpqUKq4Ze6mQ36K04Ob7bJmELuoUVFXUTyMaKR/ddL7Kz6ei8QQ5NZXXjJO9UU4KF4xhBkRtq+Cg0OsONaXmqy4trhWhU2iWoavdOcDVftA0n0RsiiqgpDkGsbi4yUKC30NUl4YwGOuSsvE0BEGGBBRc2bnH4kbFFZxGquoruVPJAuNAiBmpIEYqvIaK3556p/yHfV7yXyHJY0U4sNn+Qmnf0kLwowwIErSc844cjo/1/Wq9iqLGS6t3GOuozXdBrBUqbquTSE8NFJz1Hf6K759VziVhuk+ARlJNfCjxIncFWNNExk5GzuruJTnxBRqDoJ+iKae6dyMA9HhXlRXgCsJBVeR7KTfzugo0B30QMpEIAlS6VKc7kYIzthNClOqnabL3VFXdVUyjEIlNTUxgj8URduR0UfMrrpdwpsjA/8AYIzhzHylf2IvsQpG47o6iunczQDx7FUCq2aL45DWNqi/0jAclozzgHoqlQrLoclRq82E13ug6ELEuh1S24hGMk0Ei0BIhcQkqvBd0CvXYYwbqqVTkJqBE+NgKqqKu3TVQ6ixcXhn4gohLi4tbxORJz5XRScmKiw2K6666YoKuogGrzLd13cCWU1Oan1U9x2U9jR4f15Y6PG4HGbT01UNFRV1lSbgr+GSlKqrqw1tbkGcvZDyW9CoekStQYgnTJWqzUq0QAoFWqEwKqg1T2v6yHxs4h25jRR8ittFmfRXKqUqqbnUQxopV3Bhvq1wki/QwYsLpmFOM1sFnWIUXs08FoxuZow4zSDlymi/+Y19NdNxLVOLQ/EmMY3yofCPjKsvIGkt/k6dlZ0iGW9D15PRuhhjYru6ofD6G/EjevDid07BAxP8IfXuURHk5pyOSJZMw+vIyhMn3UGE/iY2W7x2J/xf7lOLje9R+HsEKeZ6IfTuUYkV0yc0LYoFQIubOE4/ZSiDe2YbZlSd58c4MbgFflcE3S6o6pjFVO7Mz5YxIz7Ksg/8Qwg4i9/Gw/7FOiRXTcc0LeCIQkVJ2KLSJhWmXof63dt5ss6rw9HFlv5KD4nEnxXep5UWLCnZ8Qiu8MWMZAKUF9ml+1QpshX0M+HujEdVgy/5HJ0WKbx/Gu1rqpOVqCZHopHHborUa8/Jim77Lxoom/0NT4kU+YcuiGisbemZuTxmIh2abVuKfYdVbi4Dhb0WEkW2rTXY2kHOAa0CTWjLYkdm8VamPrt+I3jOfTV5gnJGL6pyHZFVToY4HiZG0Nh5GQTnxXTP6R1V3n//xAAoEAEAAgICAgICAgIDAQAAAAABABEhMUFREGEgcYGRobHB0TDh8PH/2gAIAQEAAT8hyPUpmYDzHO5y4EvMxMwWW5lBAJIZZrNyxw6l5mWzaK17lhdEAMvxIVw6TWYJgY7JhL5GGPhwkNMRHNAXUX4aNVLA1GbMDcspf5Jgfc52ObWa95mBDHnP3M8tiKW8eDcIi7G4DliENyzWTFL1KJX8pPHwuXGIuA1EHUJNfxAB/wBQismcX+5Q4lk9Zbwbja1LH+8SgY7k2+eIxAWsUNsmK4eqZ6H8kojlpG4IJbTcGMO4sUv1U5Z1IYHwAkt/zsXEeRlKmbh3mTaRMzct+DPjLojxisxmamXp8Gp7KLw1LwkzgGWpsRwF2E/FSQR25UoDp3F5jrUdIrWC5ca7J4epSq2U76hZ/wA9i2d7+ftEqY/PhEagWkFyj9Ai2yxR+VLxTMMuwRmOYYD70E/Sxwv8SkkV1RFlaZYrLLLjSscpl3tCXnMS6hZRLrYIyVSfc5h7LeLCZlbd04YtwLjj1SB25dszbT2mJe+TgXE+ksqL3t4Vu4/Ktz8n1PbMzHIbbiPE22xt9+pacdC0S1GjCsUATaUh9keEcY9kEItKQnWsEE21crUNbYtjT3Fu10HUDC2H/j4gr7TkJ26WvEENUyPEUCh4ZSsFN5l0J8FklULw4Te4E8fJVOGftlmMIpg7RbBJxgfpzNZ98qR5sIrVdMoPvEvAyFRJS61KCLMBHsLMZNdewR2Wk88RYE8gNxSlvGUFBLwOGFGkqxZMi9zDrmP2g6x1Pv50f+35vweaIwxXH2dZeiMRiUIqvQv6hL26vm4Oebm7l9R3cfUUafxMyO4gV1G2g+ZtcXSf5Muee0YPO2oyuR3cdwurJ1Crx6HyJ8jmapcwcFfE8nrwYQPaky4Uw9szzaNNs212TTdyGFhDqp0T8QQvJOYHFQ6bF6NzSpC5uVVWSJxyuoHtlKrD3AjmvUWnfoYhVA90TuDd6mwZVKYbnZHyRRTBgv4nk1OfAstr4g2tRA6XNSoavPr0Qo/vxBrM2wZnsFzgnsjr7qNVkBq/SYCH6hf8jEqBTlzgBZ06DNePaHIhyhCPC3KNSrUgGckj4lUMM/El+LlTiVkl6w41mMYaX+oiMweliRfMRBJVupeGKpcDpaJfmx9EBOGiJMqe5Q0WrrUVEudsWDRqE1eCK7CobxKfirkCbhopl18Igww38ePJLx4NIycZr11Er0FAcRGm2SFDifUy6nGcP9QzKM1uft8dEXoz6CUo/wCsKhyxiFb3C5EU9mGOfUvdWyaJkLw+IOZpv/izXhhFVf1xMGoV87lGMpYlsaamGzLcQe5xQoMcFqdcxVwjnwNzDx+pg23uJvjMu94pj9Fi32etHUd/C4a+B8Xrxaq1Dn/MpZgKuI6CHY7mENMUAjuJRiZjrJG5IEYFVUD6Ia8+6ikLNZhj2Rpe56JWJ7i2MLNX5NTC7zLGsnEtDY+a8afA8XPvyFsooY3m9xAub6T2FIsv6mAFM6QT7oBLgw8mVwFEFvUFsfymBid0yGpRvCViHt4GcrVpU60cR7mamFf1KNjcSqO49KWMe4RKha+CQMeSHwrwFSibKf2syss5dVGAdRmD9MIfpAf2llFbdWszZbrEzD7FChpM5RWm87XAqFs3ZCihcxMTw9xMbHNxBS1cE9TSyK22vXUExuCYzaDBrNxDcYitPgMeEtnQ8h5+/HMNTsY41gCmz/6lrh27Q4vi1rX1FOhRwEFVYLsgN5t1DcvD0NTOrLlEAYJ/oxK8R9j6GVYvrBtFv3KoIlOJXrBgVTDrdeoIbM0K1ATGF9mJTiJZl7hdq1AfzfC68cjmUfMZc06wfbC3wQ+3mA0FrxPvE9mAEP5Q1GGo7dQOGO6K6CV8hVq6j8SlvsYKs9C3BxavpEBiXD1xKxtpvHMe/WvuKlCvSAsffUptpcRQ1L9jeVXgyww1x4n5jAorMn4LimqDuK0Z/hIjdvPcqm2EdMNtlfUBogNIjmBccpRCKU5xADeylJUoQTKM3MFbOWvH7D+IiOW6n6VHrcHDqbKxLkSPjnDJNnmfEICHmv8AKNJtKlNs2SFVBRZTckyH7nrmfV3L67h9QiX6qIjFBD31KEWVQhwiH7h91gmiHckQsFvEGyJ6dyo8XMsZkywQYJW4svznMMcRadifueiZhVr9xmHc2P5jpxfRiim4Xf5jY+a4jX9zT/EKaIYPByzpI8o6f1BoQdootg7cmXsjYDDUKuSFqOpRLyx5+NQJfhv8ttQ17iwH/Zm4sMVk5cQiqmrihaOMEyt1Ga6O2NSsQI41FOPD7Ag5ceFtLiUFKaRjCBi/yhuc0o6b4f4oGKyylkBdSjF84UQiot/M6ZUTGC1/bLwtBFt3biFmRRsmHOIp6oLnFQDYlxYR1FKx/cbYgQ0TDKvdwQowfRKxDtCN4ajo1W30QsinoPUXSoH7S8pi7ISCW8TsT+0d+anPnnS7dZ/oWPRM4WIm6hd1FrmlupL5Myi607RPp6Yne44XUTYTa5mhq5XcsXEKzADLAWwnqnMg4zZuGKCCWngeo1vWD1Qo3mXsGczxFpHETOc/J8AqoVvrU5xuCY9hG3CeSGYmsZn7IM56WxgiUYxKDhLZLJdZj7l4Ux1buotTjqIlHlPCfRvYMLWj3YixPvZyQsP+ZiVBswvsm5g58LI2XMXyNPwQRsYn/wA7IThmZu8EA+Uw/U9KqiN3uOeb+oH5TmKV/CfcQkug+5ov8R8nbDKP8hGJsVrYyZbbY5V47nnET/yp2MGfjNTj40yTBKgCFVoiWp+EVO4iuEqdQg9ipeoBrfcojGKyG3lO2VOAzHwvwfLz4VEz2m3w+5jn4iLap/cMWDPMAceUdRllFtNQH5lTYqV5agUDc6uYKnMWNkZxm4HES9xFT+Z/xj4m4kd+dpo4iGuZfU9UfgfjfyrxcKWO8Osw9dJVSybuFvHqW4cmswgG4GSr6IoJ+kdKwuhHCrpiBiupSZJ6eG1lqdCLwwhNkHnbxYO5Tslfi2/4BhT7RpTK71/KOYvGhjp7n5jTHqpbdTSB7XU2EzzHY5p4li4YgnL/ABL94gkdZgCrmCuuC7cY4hCX8WqYIUZv9eEf8fSFUj5G9m5w/vF3I6StxmibJb9JS29CAv8AqDwuaZZyuC3j+Iu9R6YEmWEU2c1/q5nsIin8THU1kN4N25O4/B5inYjWdfG/+GtNf9MeCHWAuC5L9iczUVEaj9yZE7zAs+pWME4gW0RoeAlBEwGqlwPQH8MSZwX1O3z5DA7GV8DglZr8wNxTf5VfwJS/6OUYhzfuYXM2kKF/qZ+nUWoeLbiYxBr/ACg3j+ZvwNtjYcOYtja2uVdvqFlx+DkMveeWAVcLVr6gpL1Xzt4M2vwwub/Iwhi4odtTUSVUvhPqHY9TuTtXU3d3qNd/mBUG4vUdwHJiqMfuEEfe4PquAM/6JiRp6z/ZLOC//V5imFWwd7EwQ8kqZHUR4DVlsxK9PDBUFVmDjhnOYzb5YoZR6uI2LqbF77l50AMHA/EP+yFaZUqOEf8AMIeWeiqlZZi8sCvAS8y/1LaQfdxBTa6uZ6RC+A/8e5acfvLC/HbVERtxLsuhxFBoXX0uFaT+IiB/kgVl8Ga4m3x2lBR8ufqLVrbrbFEmN1zGaa4voxLCFR9KnDODkg2c8QBRA7G5c1cwC4X9CIDHjep/MTb9RHRltAdE362fW7xj7+OX+iW7F/A6Jds66mDwxi34Z6jhTFAWJxqe42J+gxaKDs8+3wEoC14gf/0O5xcNDRMpz/8AWC34foJUKf5FvEKrWW/NRWVccIfv3E2XAeC/cLtXFdgXLeP4nt/MrFuL/wC+qWCD60TQ09TQbOVrq+JxJnMY24xELwwdMXq6lDZrwYZoGVAVRw340UZXH4VsNFv6Rkq3NZHHiAKhX0h6g4K1Be2JV+yCH+0zP1GrEtbrxGC7hHBgJxEElsl/UflYgcfSWC9RBmosW5nARw1wzTOPucXDRGaJc5ZiE//aAAwDAQACAAMAAAAQ8hmGBPyFzVUY1mi/0X0lomDFJqd5jdN5j8DAIJc3jbSOZvuFhBFldr1ZDR514PgthNxcJaVQOU4WVTVZf3jxX0nKZBNtMBQgT91+RjCINqcGabSZJCBR77fdAu6CLPfdhiBVJFml7lla2hHuNpy0ulVId2fDzmHQHUR+d7aPiX1BiV8CthBVSGhJSrI13oo41wly9eJYpphK6AQNQvIav5ns1zqyJRD9pjcnieYy0JOAtR3WJF1mjV7eG32Fr/Um/wCwB7uHT0pqrM0QXdrk1K3T1C2l86qKexQVJeCLsNIAMiS9p8QgQBXTmmCkvV2v8qR/vwwVVi1IH51qkO/3FIQEqQ9uTgTzEWsToCSxYxv/xAAfEQEBAQEBAQEAAwEBAAAAAAABABEhMRBBIFFhcZH/2gAIAQMBAT8QbZfzeUuHbDG5H9pLYUgO2lhHzsT8Dc3KzED2B8OxMO2A/PzWF0kt7BBiN0GRx+kdTO3ph+jsVjhZEXYcb120RjE7AvGA6MJFwJfFuYFl5dEERmDl35D/AGS8tfscsuGHT6mHxnywLDsPt5eOtnl6h2/vRJOZbztv9W+GXc+dFr/HkbDvZAZZsnlgZeoR4W9s0pCD8z6P1JMnPS0XuVkuS4KzOmO9uO2I6fQPx+uLPvyw5AJsk8bI+mXeLSKPJ0xt2THkrhDsxN2WEA8wM/7P7ZKRt1nrQhrbCwuS/O0p++V/4Sqcl5y7MlD2ZO9vVBPIZE7fqRHsvIL8tk+WIyIN/YHsJAeyd5LthjPJYZEXcZk2waz3Up8D+A8lpNWPRu5H+3dGHfJM9k0tBvLNWRkq9Zz2P0jjsjjEzZX8hZ8vEmwv6tWBPso7xv8ALdil4+MfPAzxKLrpLh2X9RE22Uy+Du3C/siDv1xkAIgtiDOsORGBMPZbl+Hez1sO3mz+CINtexzbqORbInHdtHPPniSXeR59eodjoXIP2yBIDvwv/Md7ZLgLLkUTSdjPz+C9iF/lj8hQyfMs5dvJdKVaeFwPlvCdQi0n3PurhOcJ7ftPCAe3RZhbvLxv3kjS9m+Jbk67LOWbY5y//8QAIBEBAQEBAAIDAQEBAQAAAAAAAQARIRAxQVFhcZEg8f/aAAgBAgEBPxAhZII9vWtXC27GfEL8zgbVyckZxkkctmHJcbHtngNp4Xyh93F9S/fs3WPcWpnQTZEV4ZnHLRZ23D4zPA4bI3bYGBCbDzLPJa8BYOSh8DLuX2cmWPbFYAOT2F2yWMmasP8A5eitHu2fdxgEAcgExJ20uOWY3uUcZYl8EMtkT7sme0r1vn2bOxcvGW2Wfd+2nz4yGDi+b3B23vhB1I1lIPmCB6GQN4u3ZPrI5x8DZ+D3F+22yBjgiekaMDYZEIWTfbx8yRiPGQbdAsk9PYqn3BNWQPbbAnBgTkGhF+vBaNgxy54cdtYe5AFkYk37F0q7Ikjtmeh8CMT3y2OxbD5WMfV6b82Lp7lRrxz6gwnfSe0X/ZEP8h0h2In42IP4rZGeBv8AYlwXuJ5gWSMB33HYOhFK2CF37K7N6YxPy7OwTy9ZJbYyxnZ97BpM9z1IwE53LYnZ8dhpF5sRkfVsRkHYLALG1VeWIIBEhhnXb38bL4HL9mZENlkkLyO2a/cSWMgPHCeclzyHqG08HfEnuT8SSDGWwL4uPcp9wyQM7e87520lfLYcZ3tq3z4TPEnj2fR9RRMeN8+HpPv/AAsC9+ft/LOw7GR97KQZ7RnotojXace5SxlyXJ+AaysVvd5Fz3g9TnxKW/MtoqT+WdNWDr39v1O/pc4jJ2/Q/l63tDDHTkcW47/lgvvsN66spbsOa4dsXOH5Z4kak5DYcge+m//EACcQAQACAgICAQMFAQEAAAAAAAEAESExQVFhcYEQkaGxwdHh8CDx/9oACAEBAAE/EGs54XLwMa0/pFHriyYwUL+8WsQJe5Qs3z37IbcWumKJ6lVqzmGzjnMYC8VvzMZQJEAwo7Z2xrmHVw1QbxmWYHoRt/MFnmjP7RMy9BLQAeZn8gueIhQLOYxAg00zP0tahPYG7riIkxjT8z0YrdfdnOZzjHqUU8+JRZKgV89SlWwM0nvLZfErz4u/iXLOcpDasg6qA3BGKEN54iSrNOZYUq3ll1gPw+JeQq251LEELZcIqvFxMFrB83K7mtbYr0oLiHLFum/z/UetsS5/4i5ZQFmPMXAlrVQHWkD0gIHFyg7NwLqYfmYStnmGHQzgGs4iIGt4JzOjz/vEAc/8ZjRd/QXnUOljNX3BIW3wxMxdB+P0lShhwRD8s/cyrClxTTuBGbfEO8N4g1FdvfcR3ccuD1Flt3xFXu2Wpe5lP86igDnWWo0QrzVYiS6zccncpLYH5dRTyKA5h8ptGr1mM2IlWy1VFmzE0QwUnlKAYy9idnEtPgp2nVnTF8QaTSnrcYAuwgYx9o1VlXu8fD1MDC8hshLqbft3BXsxHePzLxV86+n4ly46bm0ww1pQXniNbH31Kgvj8QsZFHe5fQm9VcQiis0RHbSWn9RM9RL0n3icr8QK2sbccHNwTNgvJuObDAf3GrUBsdMQ1QQLc5XxAyDYgcq+Y47BjYpb8x4qO/0rafQnmpVsAJYhzfdcTNCNSeBP7xdQrwqbIsMwPvGLPLHxFlM0WF65/WDguqvKdu5areheBe8n4jfAJopnpE2SncFHzcXFS69eIVUYQapHTHp3IviDdE1qqJcjTGMxGG8BREVV3NivNj2RgqrcWniYx6mF/fuJnKyrNxmjYLzUBSKtWg9SjZQnHfmZk3a35ldFhJOwUHllXi1ESRzXI9x2jDGSKGsLZQz+qwgKEtRkwvzF4DhNc58RO6C2prfvUMTYs+58xGpt2zQJ1GSKvbDgrks1OGR0LewcpHbTefuP4qCggGhZc9jzCIZqiVs11K9tLXor+MRACqdRTnmJfuP0vENiC7odsoadM337jcldY3EQFckGbVFPAS8sPxMj+5Y/1Bvr3KZSpzeo24rbMUxoxBYtejcEXIvNEsreyFqCCsKU4PLiaaH87jw5mBDiirqoTrcEC3V/mbhqLeuPtMEc4V31UF4CnCy/hhyi+s/zG4AFmKN7go/tKEcJUQIWVeBr4XnxAlYQ3SzSblCuT7u8n7yxLrjFfGahwYrUvTI7nBTB7X6+osS4cXxbNy2gEdHMdssUAj9XANN7jEu3945N+xlpzbxjBFst79XcQ1odxaefEu+NQc0wRqtcxvjR+IZbpvxCerFMVxKKl13Htdcj+oqBm9EGwmiHhnvxLGzW0UxgRmIkOicO2VLQGau6N7mEm5jONP5/EI3kt+cOyDNFoeq/iMjCu3EcBWsM4cRHb2j0+OpmEYMOh2eIJ8wm2XXrp1B0aYMDnHDC6AoEocUzDlhf6GHvLswezj3LckGWz2TI2AqxTshoKbXiIl0z9a5j4tOqmq2qhuGr4pmfZxpLtuLLENxFk2efEccwias3XcCheCGLpR3iDfe4V3MbPQ/m3K95u2F1rLQQ34RvzGQrHAA2+IYreDuDbblZmU8Y5V3PqZAB4ViNZJTDVFxsh8agzLGvswCNoHCPD8Rax9FpwdzPAHLlORJXhhQKnyRSdcN+0e4VHhR5MfWZ0XcDsNhepQ2NDq4Ka39LlWEqVyQgTem4pUxXcXOLi3v6cwDpzK4+9SjP6pFQMD5w+YzpLOITJYN9JBQ0Lg8y/eNRkr2nFvBMrWgyueW+s7ibU7v0PQdQaOKxwSpd27r3GRgsUyMooEtQ18S1JKyuFc1Lt6CArvMcAh02+n94ggrNrpJSFQzgyS9ItPN7uPYRcekpcI8YH8wbQc5XDTWHjOri2shgvF5lL9BOBjOkDk+trxGKb13MrbmYdg7qXF+huLq4vmNZCg8sxCcMzhZrcrI/qQBzULTjUB5VSVAQXMlhN0BPdeOSu+5oRsz/AEgOErxzBhqBmtTDIeGoFrfEahVjrfslXdDrVS0o8NWMY11Ww181GAG5rJgLSngAvMXcArD5ZV/BpDxkNEUtpQt1CVuKVQcnmYpc82OgeYaaeadhwnUDMylHV8yszvqDRFHzx94Scj1F+oc3Co+IU9mvEf8AMpVceIJFfv1AaXrcqcIDeWOk7tKvWZYCqZqhbPeWXko1co4gHkYNafiX0C1o3E/fKiYl7jb55ll3VGjaSgArfgIpsqtBfzUWuvZW71B15kDNe2KlBeiEvMtxoOqJkXK0gIBQB5e4AUiKzRuCw6CUVyebcxkNVnHAFcZ+4xhVc4L25Ynn6YqIuEJ3HAfg/wDBuBSzrzKbvV9RyaqDNmuplla8svK1R+kwQUp3H8ab+rp5X8SssHBDBXWpfBzbnMEYAXnMpK449Qw0DOKiBjzltiuiKXVsCqWi4ADG6T9IW0DbN/7zKFNbDeeWMi+834RFVZOEwNP6hpCJg8S6K6w3AVDa1H7ywqKgTFTJUQ/vHehAGgOU9SwphTqm2o7fpc5lfb3KOg9/8B1leIHx4lLaRzm77hgunzFS6V/EFBLTk8wEFlPOJXVcopSp+EboBm4qOC4jouTs/eUkQtOZm0JxqFhh6iUqh5MQsBbHKwa3QyNRlpdbuCyMvHbLrLZqpjNbEcXn+pelT1FGoZRWydDiW6wmNPcpSRJn3HGsJKEVKBscJEJMtqF2pm/63XudvMzP/Az+8G9AQUDPzLOPvMhXjuYLSF3tI6dovAmaM0jQxEBpgA4J511nDR7uDiXANwzIFLzqVfyzMxv7i0yNmZdRYbuVES3gi6aeJsqOnEW0lj7zF1WutNLE8EIXf93LmiAYd40CsBusFRApa2Wc4mMkp0jU8wra1pbKnGQBrH5it7UOPobm3X071+pnFTUxphpwWDLVnNx225+80as8EQf1zNIQRAN605ZpwYOIv95Wt/Fy3gc0mP3i3Pc5vDX2jEWjdZgR1VzYf91A7XdFeXvUtCANnN/7qMGN7F/a4rMONL+ajZNNNQDG+9EWnaweYhIt0bDXMvAGUHVcfmDSiilhaLLuwrpV0/iVt1HDNXMxQQLt3BSS13GY2Mjtg8YLbWGRljSXK6huH2lDWL6gCbxGMjP0GptmbeZWF14J1n4lX/cMBKolKUcTxi81ANdiby/wSkwQuBTBbUUqlwDAgocuXGIoSYQ+X8IQMZMpEGKMhZvmPQbaFs2/xLICG+R4uYibi2/FXKiZVbhXqupi4dihi9ZHvEYhai6O4gwXOEcDSF8m+IAO1di6bicqyZb9rEFRarwZqIFpZ7OYhQASqOHNyu8tYJSgVtmreiGMYWyVmE+UAuwoM63LCjN8SwXl7qVCJ/ENZTDqDZYF1kl3+iGGlPjiGOVOX1A7X4mdKExUe42kCR35UcW5Q9W3/czMuUWDAvDmCNLCMV4mILHKXGNFXH6xjFouKd2aIqUR2KswVbvVQu1p2Q3miqDjFxYbqVbn+MzYYXYuzuZ8xmF4GxFqWmyhYcS+yWl3yH4hARBuWGxBmiOdeVckuYYNqBYFaWVsO8BC+YUidh/iGDjkl76jHn0dRywzADHHOYarvxAuRvMKD06jKqL8Sqg89Qqswax4lg5z8TnXwQCs4r7QACbrkmV477Sj9ZSWa74LXyrBZ2Y7Moa9yGOmH1T0w75QcpqV+BSx/wB3DA9B6PcvqQNoF1nFczU3C6LzjBqU1Zq7yMY4+I6wSr1PTLjFG67+IZlodpzzzDVUQUCGugDwFdXHHO+AQTtEH8IjlzMxYJjDajopVwXRfRLpCxcEbtW4IyJmu/eYlH5l+z3BrxysIbC87T9IGf24hrbD4gecQCa6sig1RiDZVYnkwR00AXhv2wguc9poqMXm9/EThkvK25l3d9pUpc1xKuMY4dMpxTzUqRFciRXMF6uGdLzjcQlLrkgDNwVIq+CO6XeohkAZRSdcDO/8ShD/AEKn3hH3qi/OIwbMrb/u/SM+eypG3/lmeJrrVjcFoMFw8f7qK9CBqiOWWXuaZirvPM4ijzMTWMRAXeKqUFDE2+Js4uWB/Evi5eb17gW4uXaaqWvpVfLNFF/mVBu0c+/tMidBq6+bINqSYRKmSWlcX+xLrRxkZiG701hgKW+Q4zGoQobYxC1cG88QBtWx5hmqY76gLbxvOoIoomwXLFg48B6le3txRkJhZtqHlWBmuBf01ysmLYpblM8QezMI9W5VXMMTCt15/uCll8xssXPWpRVcZjO6rjxBYYfEIDd5Fh5W/wB4DVwV0GJow58TF2zbXcsscdTBtnjGWO0QIQ4CfvGiSppx5gRSDZwfMDQ6OVe8LqZinF3TI1jEZKcCB+B+8oIcuXJN6WMjiXelmOniYSFszbc53i4B3ZplZgI7Jvs8y/BC8AxQUoFojuWM777ZYCNwvEQezNB/JGSeRDXVoK+Yirql55qXGTsLgo4NpXM0d7yQLkMO+5xUM/zFQ67JTRisZJdHeOIsx+JWqMS/tF9S57PmEc8PzADlSYOY1ALVvrmXgJoO2JkXZBHjvoyZ1FFBQGzNfEFGYvQXviIR3Atb8/Ey9JxZDAKHuzcosOXDBbGOOLlW8FhxCAKRv8S+FstEXQDimpTLHBeIaQJj1UVOCBTnVxtRxSIrmtyi8oBXF9ku9LEOAYJYCihApFQ2dXmAVqpXEaDziL44+Ym3WHuBtDR4gEAMHJAKJPh7nd/efL5smudRte5Tzg6mVc1KgWsVXMvVRAS81i27qzw9+IqscbaoYuxjQM+Y+1NQRdMqZxr5/iEgUGsOoSLfcQmvtNF5vMxCdV3DDBHXCGkZB9zEAXutPxqNagzkLv8AuChs02XmXiMYMrLAcNNmvmUyPsYuIF5a2uyWKuyQcMTkIL1V/wCIliZ2pxLkGe3Nxrlv+YqhdGowmPxBA4GvcRTheatiAT9Evy+Z5UgfEy/ia8GGJdPUs51ihvULmKDLw/wEvK9hC/cp4S06veTNxYjuAL6DWZd4quoQ6RYVmKyWfMxeCyFg+Y4GqD3LCkVhZjBvKcy1hsN0+4VrwvBLDVCzQ6PExVCpW4Kzqt1z1ETI5A6gtB0NU6IFHmg2/aA3A3S1Hcy0vl3qK22v5rt7lTapK2/mY7bnDeAlsvHuWFHHmbF47hIXfFlQwyxWf97iFTj4mZqm2N6H6clTPcvGtTjPxNMrcGmIVqc1ll+GA1BSCRwnQ2m4ebFlla3HQRRhSCPT0q13EN5FQL4ZVZUtVL7Lo0uZQr2FkACUNr3xDKKuGsfaUkaaUQit2vtB5qAYDiPIoUNNuv8AeZT3ZWwKv5nRi9kPdGJb9tR4pQW499plgZw3LYS7x+35g2KmhXPxL/OJUWGBd+caJijW8xYQFXjEJVAeyI0GptzrzKvQ1F7qyYRqXwXmKXqo73HcZ2jI+SYiCkc2m/zL3eML3UK63NhfupYq7jb1DKDLbolBG2QtqLqLwaNS1mYaLQkBZfTm/MpDevf6zeMui1UJSwpmnNXxGvIOF+vcHkN8oXViAbtgVW3a4eiX0JDjTW9Zj11FS3MLjXUoc48/iYUvEdK1f0yeoSGL1C9u8WgcCa5ef9c5eKxid858ys1eY0c3OF4lm3EyYRuL19DcVzMDjVKVcrcW8rNky7uGCao9QqIDW8O4p0BpAy5niqqTqVNJNLwdeolhWeTrf7wlUCpQV+nUHloVZqDL4si/iBRUWrzZ3FEDdW3xCbKNWzFY8BqZIAh2UrUuY/aYHNRypq4lvONHmdH6XZmUgTAxkEuXVW963DcGG81L7HzOJdYzDfUqu2MEaDyiraOo7+hGw0sdI2vEfMFv/UIpergkLIIU2S2oG2ZSoRGQ0hLNs55zDsj6FwESea19vxNDgm14mH7FYaja9G8B8zUipnrwRCWbOOoYPAqggkc4zEq+0XxrhDWFJs01jmJRxZA6dZmCjvUMdRU8hcQA/KIDAc5iKMGzOOYja+2KlLg3qonZfEGHhz13HqLe41x9BmKqaAvCK6HEZVJ2EN835IOUC2jmDzr4ukPA5iDAKwGoF2EFW/7lhabW7DysZtOohedUyuyIPL15iCqvAdVLBQczQmEvcjgjCjZoBrMxGijFxS1RPBHQqGSIClOB5byQ0eYm3fuDmhb5dMRWzNN/QWobiopjMw12/mc4BrLkgt9zm9+Zc6sx5ig4uuBgBK3xUHyy+4rcv/hDU0sToBfF6ipABe4vhWKmKQAJug3UO0Coe2bl8AVrZfOepfwE0WM6zFGFNtgDusMaoIyVhZiwDManyQnbWoKzKjK3YDAf640F5goqWkyVm61OcY5dxfxVbMVKwWLSHZ+kDa2LuHkhKw5e40G7sZgrt8y8fS6qXKtw6ZjVWd1KDc+0BL2mk5lC49Mrei4u8F+eJaR3/wBG5eRkUTDeaYvaSNKtzdVLg2vAtL1+IZyAtLQ7uYrkyZHv1/5LSpbQlqC+AFWTawLKDBfLERonKaqVXxZSxsWMHCRBCKUyrfMFC2mDkluh+8Am1T2OH9Z3d0OXXRrMpgbL4HgKvyQUKrajgGckEoSw1etDw0/mPhPv9DcucQ/MpAKOWXHA9m4Qt5/eLSCuIRlpeK4+oX/wQ3wqoe4OAcGb8R6tKhsj4GTI77O+oCgKOVcsZCitjKC7dX0yiLQlazT3KoKtNiy1pwboiPyYazKZUPUtd6NeoFhhy+JQSmbv1Exk13Hh+G8nKaTmIaoUgvpRxdv/AJCfuMlO75af3uXjzLed4CRyfqwRa9StNGqqCAimMIRZKTHvubwKvliyz8/9HBNgsiZh5X4iujEJw0v9IOkTm/wy49RrlxiWLx0F6loHh0YiMbo2Hr9IGxTO6QQs04rLENkHF8wMtxloaM5RVoI2Qh1JzWpeFrNxKHHuAxAFlwB3KJIAYHCFeouDo7iWVxrn7Jf9SiBtWNRQrWax4YlfQcPzzLANFkDk+GpjtfRO5fdcRFvf/QppvjEAzWW+Iucf3AWPLxG/LK4V3HIf+Q0sP2XGkrkjEdlLsXiV3bFeHzqYhm2C14I6NhNhv4lZW0yvMZjjGamaq4zVw5NUIDcYgNmCtRFdrcNI2az7JkdYYLVHb0QW6oTeLAHViAmqt8GSuiLXNHX5gTP0Jsr4JzcKKLHb3F9UvWjqoFGqP4zZLxLLXkexmw2eJc0HqUDAcKMsHK+mZEW6a3Nt4ev+Qtibb4zFNXgXTt6JcONh6C5XwRhBpVRms1Qv5SMqpqhLqORzfWYXwGjAMLHkgXm3Zks5b9wtiXAMf73BhUAcO4gtVezHqYZBxklqUpwuqgK0Aay7mDhfKqYEC3WOotctqBy+4J5zk4+8vfqWPFcqv7XMpRVWek78gxLCrt29eOoZjkB1ceuLHkeoNQDRncGtlSUuhcVQnVHh8ywNsIPyENcHuXYXb7mxRV0ygjA5iVN3/wAi4Ebjb/HtMabgd2NrvnUsfFN7ScBxnmMzz1S/sY5l0zS0DjqXfAx4BRl41Et98GCiWNpeyJjorcEQ7RzS4isWdWf3AotOSohurrLFU2PvbAA7dXBQG424wOWCf+00/lfGoFB1lWOf/PMdy+M+/wCmPtHxtJnwA4DqFygHSagtGFvtZYq4FHUrheTYxYqTIEZYnZ1R1LAml43r5jDjnP8A8GbCqEKOmjnxE577Jt8/8Nw0hthNm0HB5Z+kCvwYgdBMQ7bDd6XzPlWpWj3BdBWW0eg+Yt9Jg8ES3NGqGtMVF7M14gWUo28I+BozvELA8y9Ips42l1AGgYVv5jUiusUJZSyZ4amZHjNcVBWnX8YPtlmUIg78Ty+YmsaKtYP3I93XGzDhewmIbMSN/wAx5YTBtf74iEkV83KmxHUde4oIK03dXLq8OWJtLxyMVATOLYCF5jbERuwHA3KA0ZdRWDwupu/8EllQdv7D5jUk5bb4gFRFjcvcP92avhO/MGbG0FS1xv3GksYC0ww8NpV1gpPPEWHFBbzVzaBnhKw6DNRVBc59xrxi2oHy3tmpRch/mL4hqLQd55lESUMWWzBZMlgDgcRbVboOJeLLtyeJe8hQIhgYL+YCjlLpZWE5IcnAuDqxa4I1zcQ3Ty3bEymGCRXNajVyFHDKwNAs/9k='),
(3, 'Ibrahimovich', 37, 'zlatan@gmail.com', '85ffd536abe3bac08a92529a97dd34cb', '/avatar/avatar.png'),
(4, 'Pele', 78, 'pele@gmail.com', '476917cf3c5e4dfa272ab61ffadbab1f', '/avatar/avatar.png'),
(5, 'Maradona', 58, 'maradona@gmail.com', '8b123b7a7cf86f5aa9424d1f379384d8', '/avatar/avatar.png'),
(6, 'Mbappe', 20, 'mbappe@gmail.com', '455ad4beb47b2970cd7ae57468d3e03e', '/avatar/avatar.png'),
(7, 'Mkhitaryan', 29, 'mkhitaryan@gmail.com', 'b05f31b268bf6eef7c22d6f1e232f1ae', '/avatar/avatar.png'),
(8, 'Hazard', 28, 'hazard@gmail.com', 'afbe5099e0f5bb8cd70f7e8563759d33', '/avatar/avatar.png'),
(9, 'Iren', 49, 'mkrtchyan@gmail.com', '202cb962ac59075b964b07152d234b70', '/avatar/avatar.png'),
(10, 'Eduard', 18, 'edo@mail.ru', 'd2d612f72e42577991f4a5936cecbcc0', 'data:image/gif;base64,/9j/4AAQSkZJRgABAgAAZABkAAD/7AARRHVja3kAAQAEAAAAPAAA/+4ADkFkb2JlAGTAAAAAAf/bAIQABgQEBAUEBgUFBgkGBQYJCwgGBggLDAoKCwoKDBAMDAwMDAwQDA4PEA8ODBMTFBQTExwbGxscHx8fHx8fHx8fHwEHBwcNDA0YEBAYGhURFRofHx8fHx8fHx8fHx8fHx8fHx8fHx8fHx8fHx8fHx8fHx8fHx8fHx8fHx8fHx8fHx8f/8AAEQgAjgBoAwERAAIRAQMRAf/EAK0AAAEEAwEAAAAAAAAAAAAAAAABBAYHAwUIAgEBAAMAAwEAAAAAAAAAAAAAAAECAwQFBgcQAAECBAQDAwgHAwgLAAAAAAECAwARBAVhEhQGITETQVEHcZHRIpJTkxWBoTJCUiNUwTMIsWJygrKzVheicyRkdJSk1OQWGBEAAgEDAgIIBQIHAAAAAAAAAAECERIDIQQxBVFxkaGxMlIUQWEiExXhI/CBwdFCYnL/2gAMAwEAAhEDEQA/AJz/ABA+O9bs15G29tdM351sO1dY4AsUqF/YCUH1VOKHretwAlwM+GWTJTQHLF53lvO9Pqeut7rqxajMh2ocKR/RRPKkYARg5sg1utun6t/4i/TC4Brbp+rf+Iv0wuAa26fq3/iL9MLgGtun6t/4i/TC4Brbp+rf+Iv0wuAa26fq3/iL9MLgGtun6t/4i/TC4Brbp+rf+Iv0wuAa26fq3/iL9MLgP7Tuzd1neD1rvVdROAzmxUOoB8oCpHl2wvB0/wDw/ePlw3RWJ2rupSV3koUq33FKQjUhsZltuJTJIcCQVApABAPaPW2x5K6MFA+KFY/dPEXcla+SVLuNQhM+YbacLTaf6qEARxJz+pkEX0+EVuAafCFwDT4QuAafCFwDT4QuAafCFwDT4QuAafCFwDT4QuAafCFwDT4QuBvNi1L9t3pYq9gkO09fTLEjKYDqZp8ihwMTGeqBsd60895X4y53Gr/v1xjkl9T6waXTYRS4BpsIXANNhC4BpsIXANNhC4BpsIXANNhC4Ex8OPCi/b6uSmaICmt9ORrbi4JobB4hKRwK1nsSPpIjXFjc3oDpXa38P3hrYmmy9bk3esSPXqbh+aFHBn9yB/VJxjsIYIr5k0JYrYex1N9JW3bYW5SyGjp8su6WSNLI9BJCd3fw5+Hd8p1qt9KbHXkfl1FJPpT7M7CjkI/o5TjGU9vF8NCKHO118Pb9szfVttt2aHGrYXTVTcyy831U+shRA+kHiI4MouEkmQYN40893Xsy53Cq/vlRxMsvqfWQajTYRS4BpsIXANNhC4BpsIXANNhC4BpsIXAyU9ueqahqnZRneeWlttA5lSjIDzmJUqg7Y2RtOh2ptmistIE/7OgGodAl1X1cXHD2+srl3CQ7I77FjUIpFyvfF/xrqdtVxsO3223bqhIVWVbozoYzCaUJR95cjMz4DHs4u53djtjxIbKib8bfFRFQHvnalmcy2pinKDhl6fLyRwveZOkipefhF4uJ3m27b7k0ilvtKjqKS3MNPtTAK0AklJSSMyZ4jtl2G23X3NHxJTJF4g7Npdz2dttTYNfb326ygd+8lxpQUpAPc4kFPmPZG2bHcvmiWcu7rtVYrdN4UKdwhVdUkEIVIgvKwjz2Wt762UNJpsIyuIDTYQuAqaRSlBKUkqUZADmSYXAu7/5fT/iT/ov/ACI7f8b/ALd36lrSmrtaPl91rKDP1dI+4x1JZc3TWUZpTMpy5Tjqp/S2ugqNdNhFbgbHblSLXf7dctMavRVLVQKYKKeoWlhYTmAVLiO4xfHktknxoC6//om4f4Sd/wCaV/28dn+Tfp7/ANC1xSW4Kx+7324XR9Bbdrah19TZOYo6iyrJOQ+zOXKOsyZbpN9JUYabCKXAm/gsH2PEuzlqfrl5DgHagsOTn5OccrZS/dRKOrY9CXCAOSd4bXqLDuOutryClLbilU6pcFMqM21Dyp+uPJ7iDxzcWZs02mwjC4gkOwNsu3vdtuo0oKmUupeqjKYDLSgpc/L9nymORtIPJkSJR1dHqzQ5e8VtuvWvfNyzIIZrnDWsLPJQfJWqXkczCPMb6Dhlfz1M2RHTYRw7iCe+C22ai4b0p64IOktYL77nZmKSltM+8qM/IDHYcuxueRP4RLROj332mGHH3lZGmkqW4o8glImT5o9E3RVZc47uK1VtwqqxQkqpeceIxcUVftjx88lW30mQUdmr61wN0dM7UuEyCGkKWSfIkGEU5cFUF3+DvhfW2SoVf7y30a5SC3R0hkVNpX9pa5clEcAOwTnHecv2coO+XEukWxHaliK7L3gzd3q+2VCwLnbqh5soPNxlLighae+QklXn7Y4O03ayOUX5ot9hCZsNy7PsG5KdLV1pg4pv9y+g5HUT55VjswPCN8+2hlVJINEKPgFtzrTFwq+j+D8rN7WWX+jHX/h4V8zItJrtjZ1g21TqZtdPkW5LrVCzmdXLlmV3YDhHPwbaGJUiiUjHcd6Weg3LR2F9YFTVpJLk/VbUZdJCsXOMvo74rk3kI5FjfF/wu0VMm6Nn2LctImnujJUWySy+2crrZPPKrjz7jwi2420MqpINEMa8BNtJfzOV1WtkGfTm2CcCrL+yOAuT468WRaT6yWG0WOhTQ2umTTU6TMhMypSjzUtRmpRxMdliwxxqkVRFqEC8Yd6s0tuc27QuBVbVjLWqSf3TJ4lB/nOcpfh8ojq+ab1Rj9uPmfH5IrJlIaePO3FDrCziVooR/u7X9gR7fF5F1Go7jQBAHNl2cqaTc9fVUrimahusfU26glKknqK5ER4XNkccsmnRqT8TJ8SaWbxku9O2lq6UaK3Lw67auks4qElJJ8ko7PDzyaVJq7uJUzd/502bJP5fU5/wzbl55/sjl/ncfpZN5pbz4y3V9pTVqokUZVwFQ6rqrGKUySkHyzji5ueSapBW95DmVzUqqKmocqahxTr7qitx1ZJUpR7STHSyyOTq3qVJ1tzxZvltYRTXBoXJhAkhxSih4AdhXJQV9InjHa7bnM4Kklcu8spEl/zqtHTn8uqep+GaMvtT/ZHO/O46eVk3kdv3i7fq5pTFtZTbWlcC6FdR6WCiEpT7M8Y4W451kmqQVviQ5FfuNuOOKccUVuLJUtaiSSTzJJjqHOvEqJp8Ii4Gyp7/ALjplJUxc6tvIJJAeckAOyU5SjeO7yLhKXaTUs/w78R6y5VSLReSFVTgOlqwAnOQJ5FgcJy5ER33LeaPJKyfH4MtGRY8d6XKArLNWXLclyYpUBSw/UOLKlJQlKErJUtSlEJAEeDyYpZM0lHpl4mNNTAvbNw1bFIyWaqoqJ9NFM8099nnmKFEJ+mKPbTuUVSTfQ0/AUH9Bst52tXS1LzIWaZ95ksvsrTnZTMBxSSpKRm5zjfFsm5WtryyejT4dPQTQZP7TvLVXT0nQDrtWCaYtLQ4hYT9ohaSU+rLjM8IxltMqko0q5cKNOv8yKCVO1rqwunSG0viqX0mHKdxDyFOfgzNlQCuPIxE9rkjTStzoqNPXo0FDONoXBqqpU1QQaZ6oRTOusOtvdNa1AFKigryql3xp7OakruDklo06dhNDLW7Mq0V1eimU2mhpKldMmpqnmmQpaeOWaygFWXjwi2TZSUpJUtjKlW0vEUGFHtyvrbp8spQ29VHNlyOIKDlGY5Vg5TwHfGGPbznk+3Gjl1rxIobxPhju1sEqom1gEKl1UE8J8OCo5q5RuF/iu1E2sifQjqriodCFwNht5taL/bVoJCxVMlJH+sEb7ST+7CnqXiSjoiPoJsUomsFBua4vqfdp0qdqEKU0028VBSyClSHSlBScY8Es/29xN1a1lwSfx6HoY/EeL3Ja26ykdap1OhLT7Fa/wBJmmccQ+MoyoZmgFscj2xu+YY1KLSrpJSdIxbr8lpoTUY01VYaB59VEapxNRR1FOrrIbSQt1GVBGVZ9Xjxjjwz4cbdlzrCS1S4tafEjQcW/cdLSUdqpyy4sUqaxqrAkmbdXITbVM+skDtEaYeYRhGEaP6b0+qXQSmeqLcNvtKKNm2tvPtMVeseXUBLalHplrIkIKwPVUeM+cTj38MKisabSlc66fClNKitDxTXezW5ksW9NS43UVTD9Sp9KElLdOsrShASpWZXHiokeSIhu8WNUhc05RbrThF101FRx/7HRrqq9w1NQzT1VUuoRTaWmqU+sAAo9ZXqrlwMo0/IQcpOskpSbpbGXi+IqM6K8UTG8mrtTM6Wi64PSAAytrGRZkngOBJkIxxbyEd0skVbC7u4MV1LqBBAIMweIIj3hqU7vLZtZa696pYaU5bXVFbbiQSG5meRcuUuwx4jmfLp4ZuSVcb7vkzKUaEY6UdRUqTjw/2bVuXBq7VrRapac52ErBCnF/dIB+6nnOPQ8n5dOU1kmqRXD5svGJZ7jiG0KccUEoSJqUeQEeslJJVZoUdeUD5vXf8AEO/2zHzbdv8Adn/0/EwYzyCOPUgMghUBkEKgMghUBkEKgMghUBkEKgn+zd8MssN226rypbGWnqjyCexC+6XYY9RynnMYxWPK+HCX9H/c0jInzbrbqEuNLC21cUrSQQRgRHqYyUlVao0MaaKjS51EsNhwGYWEJBn5ZRRYoJ1oqgWpqqalZU9UupZaT9payEj64nJljBXSdECvdx7z+Z11Pb7eSmhDzZdcIkXSFggS7Ex5Tf8AN/vTjjx+S5VfTr4GblUjm5qVdLf69lQl+etaZ/hWc6fqVHT8xxuGeafqffqVlxNZHCKhABABACwAQAQASgBxSXG40ZJpKl1ifPprUkHygGNsW4yY/JJx6mTUfndm5SJfMHpeWR88cr8pufXIm5muqaysql56p9x9f4nFFZ+smOJkyzm6ybl1kDix0rlVeaJhAmVvInLsAUCo/QBONdlic80Ir1ILiWRu/Z6LyE1VMpLde2Ms1cEuJHYqXaOwx7DmvKluPqjpNd5rKNSua2xXSidLVTTqSsdiZLHnTOPJ5eX5oOji/HwM6Mb6Gq9yv2T6Iz9pl9MuxkUF0NV7lfsmHtMvpl2MUDRVXuV+yYe0y+mXYxQNDVe5X7Jh7TL6ZdjFBdDU+5X7Jh7TL6ZdjFA0VV7lfsn0RPtMvpl2MUDQ1PuV+yfRD2mX0y7GKC6Gp9yv2TD2mX0y7GTQNDU+5X7Jh7TL6ZdjIoZ6Sy3KrdDTFOpSzyB9X61SEaY9hmm6KL8PEmjLB2hs35Ss1tYUrrVDKhKeKWwefHtUY9RyrlP2HfPWfgaRjQdbguT4WaSnUUAD81aeBM/ugx2OfI+CJZHtLhHEtIDSjuhaA0uELQLpcIWgNLhC0BpcIm0BpR3QtAulHdC0BpcIWgNLhC0BpcIWg31huD6XRSvqK21cG1K4lJHZPujlYMjrRkow1TRXVOqPMrV/LFJrVgxafCK2kBp8IUAunwhaSGnwhaA0+ELQLp8IWgNPhC0gUUxJkBMnkIm0kdNWWpWJkBA/nc/qjRYWxQy/IF+8T5jE+3YoYXbPUtieULHenj9UVeFoUMTDBS82oc0qB8xisY6gfuU83FnvUf5Y1cdQedNhEWgNMO6FoF0+ETaA02ELQLp8IWgNPhC0C6fCFoHtNSoaE5eueZ7o2jChJmUpKRMmUXqDz128fNFbkD2CCJjjFgYHqZClBxIkoHjjFJQ+IFDfrk+XsnCgF6aSRw+qUTQB05niByPZCgANp4THHjCgF6YMpiXGFAGQdoHPhCgDIJngOfdOFAAQM85cIUBkiwMak5jMxVoCdMQoD0hMjBA9xYCcIgBwgA4QAcIAOEAHCADhEgOEALwgA4QAcIAOEAEAf//Z'),
(19, 'Gagik Badalyan', 52, 'samgira@mail.ru', '4f8cad2ffa9770f64ccacf78c0f5146d', '/avatar/avatar.png'),
(20, 'Eva', 6, 'eva@gmail.com', '14bd76e02198410c078ab65227ea0794', 'data:image/gif;base64,/9j/4AAQSkZJRgABAQEASABIAAD/2wBDAAYEBQYFBAYGBQYHBwYIChAKCgkJChQODwwQFxQYGBcUFhYaHSUfGhsjHBYWICwgIyYnKSopGR8tMC0oMCUoKSj/2wBDAQcHBwoIChMKChMoGhYaKCgoKCgoKCgoKCgoKCgoKCgoKCgoKCgoKCgoKCgoKCgoKCgoKCgoKCgoKCgoKCgoKCj/wgARCAGQAQoDASIAAhEBAxEB/8QAGwAAAgMBAQEAAAAAAAAAAAAAAgMBBAUABgf/xAAZAQADAQEBAAAAAAAAAAAAAAAAAQIDBAX/2gAMAwEAAhADEAAAAaRl3j+5INWHdMiCS4JKJAokgF6mikxlDDXIj4JHAEAAtqhhBQwAdAw6ICROBqBwgyYIUqaACbWiqTa4KpW7JOYegIUDetVMkKCiJZJCYCDYQgHAxUzwx5kJpVaWxZQYDxQAyUCl6dEm9dS7HOQehCrCbNqwJBpmtDgz0RWu8qzC1Spefbtr0MUNCuXVXaXNV4aA4iZBfFA0w4GBxwzomEmb+VqLOsqhGT1bart5m5ANOSirldyVGCySxVYfQc1oup2N8RqtqzQ0tXi8FeqiqzhuIKWJwUIlwCJiAdLXPoKl7LjJMWHiQ6mEu8AHNc2JB0Apq1CDQuepKtiziXak692sh7qzodqzQs9ON5bWdXNj4vsQWngA9Hgc/aue5WFmvtuGV9mvGNJbATVJrmhMJGwBQi0CIZcLLYGhnkI65itmsVR5K7nn2zfoLnntFz6S1n3e/hKB65jy/qKca+OGwnl9CPU+Z9I8F1LGdEMXETajlI3IWkZnXYNgRIogqo7U0yAhjmToZTXNrzmth29HX8xrxXvtHM0erikRi5NcAGBn7OPzdx73nt0zVk6GPCsqy+Lv1EgPuQijZPCNGpOewL6ShC7NSBuLoQSolqxTvMa89s0dkftLKj6uMBhLCWCU15WjUx6Ke7h68teTqZUxRzrtE05zc3bM4xdWpWrSy50c6nDNA6JzVi1m8nthTtZuJGyht9FsirfG5U+giVdPOtLqY1xXZNro6VPPatrZFyas5unVWOanTUqo+F9/5Toz8y+x6Pq5mVPVUuDu8tY1lWKz62Rtlq2fOW9M9xyo5erTuUruF37SmvOxuZWtrk1fI1g6bqCpFyjemuS5caZ8yOe2khD7wUhwSl85zSNQhqcup5Irr2D/ABftYrz/AIn695fXP57o6OhtEmyxydVa6Dc3oWQu1neemNsbFVtQZZNjJV6egm2SCSjPXOmDjaCiRQtiKysXc62416M0NcvlY62X15W/qXkvb8+tbF3sTm3zF3UFqb0pmUWXNrXyNfTKY6Kks+351Up/n9gr0mhjahnWS6pn0JOYjTmBISxVuozl7OXeAZ9oR+XTu0N8tf0PkNPO9utSq5aGriViyVtWJrspW9nI1KhwwLlfnd3EjTH1KFyjW1sXSUFUsVc92lWarLh4RPrtE6rYo7cqaltK0rhYUmS+Ecmvk3AiGmytzDkSRo36ViocIrEnF0MqbTZSxmpoZWwp6u1We62Lc30MFHMjgsZOxk7cqJVBQqeoagaADwkAlJquOBRNivZZefVMhqYAqpQsVEzsLttWNTKvpEqRz3mD4C4SAu7guZulma8tCvZrOpGtyqwC0jscqQbIcM4GBHYqtC4+vaUuqbNWl5xLq6bH07Kd/SoXUqx0nLbQnlyzkZEUxw7VF9bTno1bNVlerYBuO6wOvzEqyOuoWlKbAocuwK1dqXyNBTJqPDSwVfWgvIZbUKM+RFdGuyJzYRIUiEOaIlPrPKqW6YlCYM6yi0NKmgtV1ralRWVNrGX13E6F3OcTrNzbbXjsXfw60uNyAc6r8najS7zWZ3pjKUcHRSmYlE3K2g8sGnoU3NTjErrla4VRU+u6gCFUdqrZcQYS832alpOxdpX0vHUNTJrZncaodGheS0iAkaKw5IokWEUOFpmNJ81DOv0ldXnLdFcoMdLrtW6CRIJsVjQ+JAya+pbT0rmfbJw/M+x8s9RaDDSdGnpyOmSE4Dhz0jINfXBK7Sp9pz8hKFVmurJotTjWtHtHj3c7tGspvqsVan0IXLEZ0bthkMbybTnP8d73wj1VPG9bWjWtSGa5FZ6ZchBiDKT6oeWXt4m2UACriBabYOE5vmokWoFKJZjwNevu+f1c4sjV5K27G0w0PH+i8wt4tBfWpsBiXEvmr8wIpGFsBZCIEWAHWwvTYrM/mdcpLl1J9xjhzmxUcyJqhqVc68t+x5Lrx9EzzNpXqiF/Dpa/ulw5JtNGTad0w5UklNEEwEAYAdDRrKsAXI0mVsgFW0XUziejQiA0JWwaSOZDXFBpu1c3WlsGeQMTLkzUTLBIFwARDRiQJytggaXRNYlLczaKrbBjWLoljIkOCCWDEiAzEUjmbKLFpZyMYtoDEraKVc1//8QAKBAAAgIBBAICAwEBAQEBAAAAAAECAxEQEiExBCATIjAyQQUUMyNC/9oACAEBAAEFAsCXrj2QtF6vR+j98eq9lqvwsfq/wv8AEvztaL3wRrbXxM+JjqZGoXjn/NIdMh1NG1m0fu/dr8Fa5rrwRibBwMJEBIaQ4odaHWiVB8DFSSg04rhrTH4Me/jQbeSEjeOZ2QWjZkbNxnX4018XFkUNGBr8sVl1rZXOYruVuZGBFaSY5m4yZMiYhaSgj4okqiUcGPyeNDdO54VjlmuLzXLKTwZRuJy4zkisjWNckJEWJls8G8UiUdxOpjokOqQ4v8H9pj8dVnJJ4FFkXtPkHI3C5Ix5XA3l8DJCkRYmXJsiROhETah1RZb4cZFvjTgP1qWbbH9WyMXlsk+cMhwYEKQ3whMyPk6cbCMxSTHhSTExMiyOrWTy/GGtUUr7zTaUB5R2bTBjAjOjfHQpGR4xPl5wKzLrkW52wuFYKZGRU+NZLK8yna9EeJXkaRLGudMtGSXTkb+Mm7mEjeZJdpohZgb3kq3CULRWFUjx3x6Xx3RnHDIdw4hNjkbhs5YusomzPCEPs/qeXKWDsf1FIrlx5SzD5MSjaePYeI8x9GeVHEyv9k/rYyUjJnA5odqHYkOWdFyZwKRMbwfIxZZkcsnBHBLqcfssnjng/wDnrkyeX0U/t/LCxi6bGyQ5YITFZg3JDmkzdwyOE8pqUTBI5Zt4tiY+3jLnx44remRsyX8raV9xeY2FrHNnyjsHZkbR0958pnK+XAiT45xEyxtm4yysnBNfHiXiR+1axBjMkmZLJG4j3XjZYWIkiaIxch1MlFoSZNc5M/XdxC7l3MUsuM+TnRZIZIrKnVk8OH2XTJDZJ8luiKpZjaWEx5K+F5XmbG/MZ4t6sLYD40QkPgyKZXIybiJAjwS6/wA9ZekiRJ8ol1jSmS22Eo5HAdZj6+X/AOmSh4nHfOu2vaLtREli22ERXZcMSHmJGeSJFEEROzx4qFbGxk2J5kvSn9pjMDQ1k82n7/BKyXh/5h/z4V1MSXiJjr2ryZSRLSixqXagVkeHHShZaYxsb4tlxAgT0wReHncmMZFFlUZqjxIQHH63XwrN9VqhwOCkvL8FSj5FThLB4te6aRsIrBEqyhLmtYSGSY3xdPmoiT9IvA9UsiXNUDyfpVf5G2fywZVftl42LYShx53iqaj4iI1qCihG0h3WVx5MmSxlk8JfadS4wS41WkWPSBV3Dg815psS3PleNuz4lXx1XNxUpbiUVnAkLTBURWEMyXS5ttzKspelxnRasYmVyPkweRP6+VQpThTZI/yvH+MhLixblbDDn3gxokJYK3yuhn88qwUnup5KmQZd7wrU1ZBxayhzL7Gyy1IV6k/EsTI2cSZPbiWmBIyNlXcTOk/18lGOauqmRZc9GvWklyWRwbjhl9KkLxMEPG2uE5RHaOTkLREmLSkWtheYKyBUy3SLH6V9yZJk1kcWcmcPeOeRa5M6rurgRkyWstekGQZWWPVMYtId2cDej0ycGUbjOqEMiQEMyWskYEVLJWsFnZH1j3b1MyMY/ZCWsBCZJknxYyTERiVrBBk+z++iLP1mh8G7R6P8EBPTPNjLBkCLNxX03yMyLRaS/WZMYpDYhvTPqiLMiILJ5HDlohEEJ4ju5zqtFo/0mSGZN2mfwIiQRXDB5cPqSIsiVj/Rd+//AOJkiQxkWPXItUhIjEqREuWYP98CgQgQgTX0xpgx6xkWEiQ9YIaMMcRzK5bloiOSoiS6v+t5AiQki61Yzxk6euRke7UTGPWPTGNcOBVqisi8EZGeP9PKt/6ZIr8pYfmRH5eSpuQkYJey7s/WYx6Ij0x6f2C50RCXCZFmeP8AQknNwTPiPiIQwUETBIzxkWsf2uX1lEaGY0ivrPWRBjFpEiIXXmf+uuCgWku3ota1mVq+s2MZkQurPWPT0RBiIH+hHFufSnVvVaJZKa9qt6uRIei7/ku9UVj1gQIn+khoXS0pWqejFpT+85YJXE5ZJD0ybxj9IvDkJiIoiRP9CP0eiF3DpasXWlP7eRMfTG9JywO7lXEbMrOr4JTIrNeCESPUIiR5q/8Ak9alkjr/AEWu7a77ftK7iVgp5JWYLrxPlEWQnpktmR/aHMIwEhYIkTyFmuX7CKl6f1H90tZ5M5qa8ofkZI+ThStlIwJC0TIS4nMbEzxXmtzSXyrCuif9KTjcOz6W8zRCJD161kxl9KkWeOx0NGw2mPXcZ18OxYaPjySqQtu6Mol08V9uERLXByIY9JaMwWRzGceXoxD0wRgKA4olmuUPJTrhfk+Qi1ud3LslMSILjSOqHpJ6MejRfDEn2SR1pFCXGjJrKnUZnA+SZ924wZB4K486rXpy0ff8GIZ5Cyn2MaIkULRDGMaNpgXBFZK1x6LSXch6P0/kuVPs/olhx1WkvRI7Koi6yI/otJdkux6f1iGXR5P6om0XD/BkXdfGkfXJJmR9j0/pEcS2BtNh0JktXx7RiQjyuPwf/8QAIhEAAgIBBQEAAwEAAAAAAAAAAAECERADEiAhMTATQVFA/9oACAEDAQE/Af8AHZZuRuRf0ZQiQkJYtjmJ/CXuG2UJZaJIii6NyLXBixXJoi/0MnEtohrNEJqWJOkXyrh6NE12UactrF2aovixOsT9zpPo1CJWL+F9D9zDw1ERxKVEdVMfJjfWFiPhNWhMs1FaIQdiRRqau0hrW+xZmxCwsSjWWxSNxOG9Gno0+8t4QkNiw1Y40PHgrojwlhIeIeZn4JjQ4iiJYvEsRGMh5mXmE8dF8HwZHz6oeY8P2LFFcGJ9jyuDXfCisvFli94zyhYlmjZaPxsjGuM8xxZPLI+cmx9iwsvhDzlLzLYhPDZZZZp85Q/htYolYvDzp/B8NpROH8OyMWRVfOK+V8aFH5//xAAjEQACAgICAwACAwAAAAAAAAAAAQIRECADIRIwMSJAMkFQ/9oACAECAQE/Af8AEc8QscjyPI8hKx9eiR4lIsbKzFkpidlbP0JkkIhISsfGmSjWa9FFDiRIPrE1awh71mKscaOP+OZrsQyiijxKK0RIj8zLsiMRGPkS4miJRSHErCFoxDWOCVMnyRSPPs8rOPivtkuLroaHiC0ePuF0JWPhHx0cXL4/SfN10NjIrV6oXw5O2MvFEVoiX3Mfo0JikiTylhavK+4oooorVZftYsv9FrRfrrNiZ+JLC0vSheysVumPVFFEY2NDWEh4rdEZL+z8S81hrFemOjkWJp/TwGkhv1yez0rVMci9b0o//8QAKRAAAAUEAQQBBAMAAAAAAAAAAAEQESEgMDFAAhJBUGEiAzJRYHBxsf/aAAgBAQAGPwL9rwMUGmPCxrP4eb0aLnq4GLPtIDrFcUxXgQPzUSQH5USI1X40kvqmbMq5BjsuVDnW3Zf7omiEzeKtxB1GkpA+Q9XSowJqjKSIX5JGzGA5D2DT2HM1wMJ2UgWhCsYI+6TlMjIgSmaC1GNMyjLgRU2gxEO4bvXAkZrftaakxzSAT05emaSItBxH+Dq5K5IzwpbEkkBuXIRyIQbkjkGPc5GJkOY6vpHHch1LIja5F6HdOPDpBFfbQ5H9MYD8vuEpm4egzQDgfgQcjAnbgSsGHIxKSJWNiD/jp9Wbpgy2HtHSxbrkJWBPnz/dIvFUd4rxVGDvfK6VDCEM7+LnTQxoe45JkZBmnreiifARqH4dvHRX/8QAJRAAAwADAQEAAgIDAQEBAAAAAAERECExQVFhcSCRgaHBsfHR/9oACAEBAAE/IcSDENYQSIQaEwmC/mseEwsNDQ1hBDH/ABL+BZLFKUY/5DRoJ5hMIfMFiZSFlsIpRYYxjzMjWEIQWW3wqBT6HG0I+DWrP2WpCoJdR7wl4JhIxYUEQn4EGiCIQeBfwSFivAnbwS1wazguHwm8FHyDk0fOfGW2Ggens4DCkQf0NDRMNYlH/AkQRVuIcuCOECWmRiRcTxXsLcT0hJMewRpH5FNK/kQtLpuSGhrLWGiEIIZARERLZREivT18Y/Tf9ElMIrpow5GVCLDjng6tofiiCN2xhoay8NfwfRqn4jSUuIRS6QtSv94Fhql3CT8EH7JEK0n+jVHpnkKJngQg+9I+QV9i3WJsf8UJVEvTqLYVvoZqtY1K1+FwS3h+56sOlUX0aHwad4BLoShNoVZjTDf+B2VRMOSyniOwgicRl1pQJmCJn8kQ+jWEErusD6VIXjYap0IyEZehqnP2PaVFA+zQ3V+H9Ar7hEBApmWqytNiI1kn/BsvT4IS+kOtirnQ1W0ho1+DV/0Z2hz0ur4ai/AtH9FJ77wjzrIdlyS/RbbDYeDGOkAt7BJv6ci/8CIM0dpjWFwKA1eUb2TdWhp6S8E5Soh/oRPurwjNhN+3C5H0T7tDnXp7+hu2oOH+Pfybs/8A0QehYtJIerXBd2L59EXu8VfShpSlFvRbWOP7EWgOXrPxDtF0+pjhHslfA2II2+hbZJ78HqSlfR3yDaz4JPj9E+3BTYohHgOn5ELtYW4X+wnvz87P6B9ynuJo2UpujefSC8ByQqT8FS4TK4IQGHva/I4c4xT3/pd1PaIRvRPPomZP34dH/wDA1Sn/ACcr6xoUSr8Eu9hsn2L8Hi6/I5022aOJC1/P0OTKkpvQzE9jKMeCdsLpBbUZo2jrpivujRNj/oYjKPcnwU6e3ss8Fw1n1oVabmxc/boX3raNoL+BQEt+7KSr9IUeWNoJO8gmXQTbo0F6cFKJ6mDY8BhcTRWSDljPBDuxaCPorqMYobfCDZP8iaf0E/2gbNJv1D1Nrt/oZKv6PAL1wl+Si/6E+D9kNnwvwQx6g9vwrIlIYceCzJEHKiQguBUJPuKjGGyDZuQTfT/JrFI1j6IS9jqnS/8ARtHYhD+P8kbX/wChz1/0n9myH62jwNknwiibG0ow2VJ0prDxnsjCN+jtc2Kz4e5C9snwa6kNu0Jpmwe02nspNS30i9/+jINZYpYf/Vj16OnsTmDv8HuWpBsbOBsDgS4Ez88xsy0w9En7RxBqqjPPxybVNmRzNrRl7fgToRb3Y7fwMTY9HKHwexq9vZIn07sdGwPo1ljFkExwrEGgo3kPTKu9JG7b8HDa/hqoQcbZ8QH76MXQ7TZqatKU6Pp9NXDjeAqllFLo2h4IbMpDnFd4ehKaF++a+H6ClSMoKalH8JeEOUn8F3F8ehEmr8Tpu6R7xRHE+FDUOaRXQ/nEWwbT4WiCFjDEHhUlGyF2bEPBDG0OnwbGWaPB0Z1umqNVIYl9n0oihz/9SMm0eLY7t9XBV+iUU9Rfo/7HIXX4O7wsQtzZEGVdnYxcDg3FWEGQUHH3BExp1w/Nwtpw03oZvXNlkLb+M/A6HmI3mWIhr5hQgqdRsksTdnWERpLHShpR1Gj/AIDEhDVkVCoobZVlR+DvRfrT8ng6GKU38H9IeO/o+EN2NV6JFjqZpwfQeDcEnBuWUJaIo33j0WEtDHjxobNNobYhs5sRgQxre/Tt+qb9B0xRVjYo+9cOisixIhrxtpD8D4PsXQgcMuYpQWsLmHlRoaZUFAewTxoS2038TNLthvJi5NkJGiLuYPDpZUfUNzooZwr3+BVeYWGmBYSEAbKfYcjOEbdINpfslejd+i0kIYINx/lhtKsuzcTHrw6Evg7jwbHMXCezQbGvwvwQ8F+A3hbzo0aCDbO9miG2NBz6dhG2IrBxmEEG2TY0JbIaoLRo8NhMH/BCYOIdbouycFhiyd6hzw9WRKYLmEtHYmmSQe1g0LiEEUtE/C8F1aU8BhNkIUhH2KCiCHI8PTi8E2aHkzYNcSwWy6EUYiI7opLJ6PBi2LVthIOP+AxqpqMcjhiV6Y3NopvonWIsE9FP0J7xWniRCWD9GgwfeChjRO9NEyxYe2OOjs0wJ6hMo1TGohrBvNBPpwRBoaGe6LkGRDjZRo+DYVgsNlFBhsIGtkKLZNuDCQauG4KIs1H5YbuiUvoyyV6IPbHqDcQK4GxDDaHzm4ouCQo6EKCgsUJC7HKazB1hQoEEErPIxyRx/WyV3cMo+44Go2Z1gkIIW3gh6CNhrYujTAqT9EUmjyCGSmI8izCBxwHQ2x44GrBmyTE3glgJGMZsQOD8y0fG0x6dcSEjo5wuJzg/csSSzvQwtND1/CaNzoJwfB2LopsSYR6Xc1bGPp7IURC0N9FTPXBGJHIpesPEwfTQmxIQw6iG+F2mNT1iUS2aBcx0KMdDN0JOiI0xOPQYlTHrBt4+iZcI+qaDc5t8OdFopUFEdC0LMEONlGwXcPKG8H3RribqIWbiTHIWWyHhxvSRUMriHrojcNG7G3Qes0CCx6OnZ7mQgyBuWYltJjnsMRZ5MW0aLA1SiKIX1oROEtQfZBDoWKGtiUmjhSsXR2yQXZSlLtPgwLFRTYxF7eRzBQaC3SDEuXGF7DavRVhZjdb+DJEbaxJDgnhdIH0a2TQ9ZsRJ6QgrGmHAkdwmJkbM6iOm1OMsumvsR9exU+QU1ELmG6lWRQmdRoyjxh0MasfcWbhCBIQ0wTZBOzbsUjghIPaGqhq6CpXour2IXWztCrJiaFg8MO6N7JD5cOBbLG48EwoJ8HSzwEXQj6aBnwZxhPe6S6tGpW2WQX/AWtDWH2LCHoo9FHTjDjAJsenRRG7hHeexwPhUSN80QggUxKPSU8JhtFw8D44Eei08EqLCQ8NiS0IfjNaU2GtDQ7IiG8Gppob/ACFphwMYppQmmhtijcE+jHWCdRsiUQ0LCSCYjE+YbPBiexoLaNOy2NHpfSD3/gT0XGrhr+h9xenCFwaErgjHUrTto4QklEMWq/B4WhM6mxZR1nVNH3VQ50LUEz0ZYyn/2gAMAwEAAgADAAAAEDmvwwyIYqTGIhUPHFoMJkN9eokKEqfssujByz9Y0/IqyCPxkzvuGxYwYJ61CoHaPd1HFsSDX1tFL4iNx+Uu/wCUzrm5RMYlzGZvSjl9CIdLHUXIP8F/hfZpU/Z51KHYyFRBm7eCxWOe1c2M1LCCaZWeaU7/AJf3zjadCufKRes8+Z2MBD30MZCg62xWm6KJXgC5w/WnmV35H3KoLmdHmP7iSveMASIE/IV/nazZW7p3sw7qD38l0vpLaNy3xToKcq2aB0jZe2XSngfQj2PDObgG3ZlVTqQF9yi6pb5t9WHdU0NP5QQB5bZIvpJDXr2h5RyMVDQWE1/NlV9JcxvFjRioVlLAddU/elhSUyQE2gB4ySlQtdpydS+p1Pk0ZaO7JsZBfjAzPjRQjZtlJCrQK5DOIwHA85KTnPnb7wutJ+kUZ//EAB0RAQEBAQEBAQEBAQAAAAAAAAEAESEQMUFRIGH/2gAIAQMBAT8Q/wBBJBZZBEeFnnyxY/slDMBufnhkR/rJ4Ws2DYCSQjSSvxtyPB/w8luLQLVaex/tptp4LPmw/qG+w37Dvqwk/ZX8j+oyex/2/Y7zzz6sMmcln2+vA6e4biP++BZ4DJdLcbD4ufhI9IGy+ZdwXYMln/kPLJYbJF0s7uRK373yQcfAltttlkuX0nqg2CaTlpGL7WTyX6QsLDD47JWa7DYJh4DKFPzuvcMhEgwlwjX7PyXvbQwhDsl2SbxtvIZdgOFjyQ9j4fZdIGW8spFYWF0uzwBjaPCLKqaAzMi/JS687Qk7DY+HN2vHwXfBY5yV+SdvrwYb4EItsNgd5JCfsIsfluxzzqDb4Z5jfJ8ejHGDY8Bg8ZIm314ne3J6/JPAY13xnj2QWMW9hv2WSw+whhdjUollmw98aJL63JYd2Ezz68OJDG2TZxFGT+vF9fcgYIdtyIObD4j7I6i/fFhsBZK2XLZ+DkdIJJLqHr4N4sxhsJtv9uX5xiTMeyX54vj/ACVdmcv7APHnJ18asdj++Nr5ssOQ0gnjBvCKCV7EDiSPyEYTLb5uT4fJ+yD5JE2G98GWbt/EvfQnbf0s/nhM8YLZTJbb/8QAHREBAQEAAwEBAQEAAAAAAAAAAQARECExQVFhIP/aAAgBAgEBPxDdIn22yHuW3ZOT8ty2z843gm3hPsw/4Gbe4fk8Dbky4SvpJPcQZNKa4gm3smcDweywj9QFkkWJjDjHEOQwT5YnyeRlrbkuyRJvlsn5ZNuaSS78YBsR1I8eA2css8ZsFkDsCNdNjaG2uw06Q6iyQSWQWbwDuyDoxeLw4XYCGPd2ilXdSIl3Dku7swwSy5HUp93qdYQey0xkp3d3VodTiXOB1LwyWW7t6uyOoOywLYNSfEIgzULOAWXbaS8LGHLcSSfEnu0NmqrPETiJt6tI6Ml6lgvfA5DsHd1yQhkdEMeCwmw4X5JkvjwDJDxY9l3d2buDep9k7vqx1eOF7lh7vdn2yWTdkWiUw4HJLetl4fc2w9lt7dRMsF9updXibfy9x5Zkew9W3fLbLFmwZMWkScLqO4lyWMbJiJJIPscBBkPWR/OFkjSWyWxBPY1I+SsN5HO4my2aXR29Twe2LLLwHAbfyYDaiSPZclt5GxEl6nRwWCdWPkjdPcO5HYmXyXjy9h9kmQ35JOiXbNIO9xlg2Ex8lgsIHeMiWMsGluElrYjJl7G+5d0e2cH7YXyIcY7IU4N7mIXJYQYRwdLOu48j9txhzL4EavJjhB1JJBvD/8QAJhABAAICAgIBBAMBAQAAAAAAAQARITFBUWFxgRCRobHB0fDh8f/aAAgBAQABPxAEA4jhqbQ5l79BpLiqgICqqDuVMEKfQzVTFZl5jVSnzFxmDdQ5nVInjMsNZlI6im52EBG4aalOp6fSMYuDOYM7iWfQMzGLzREPMTuYRlRjzBqVgZpHFW4sbizEt1EplYh1j6CcxyYibjlqW6ZsgPobOY4ZI5SvEvNZi5Xq6mLUBxd5l5lWZsxFmUhlFBmkNwNZhbWDnUCzMVKUyRuJQ/RlqJlfP0BmZqbhaVILKJPJiAA2Z8RAp58ah9oDGGnURs5AMepy0GTF4lNbbXF58zdBee4XLWGvTNFGIn2ll1E3Q2YnA3f+3CogaIitL+IjXTOZvmPUacTaZXGBfr6YrDiEvEz9AZgWahGKbfvDrBokwUBMQCvUOkD1GxyW2UKQ6JQyGJSyGt4gwRQJGonK9TOQZ6gqzNfuA0ItdajXPV3WpnqpcS9qOuu4iAEHMVsvuYLw59zwSrZAXmBxOgiUxI1KskCpUqYNRoy+ahEvdmEdsamUuJSNpUoBLjRau8a1XmZt2cvuYhrExKO4WM6gZb0UTML8TcawWw30Z+0BddalTC9aiXYt2P4+IrmUrh/MDNrxr/dxsCrvxcFpm/p5J7hSVMWCHmXZI+EbGvowKizUYFLaIjgDRcC4W79y6VKU4hOqW93m9VHiCkb9uuRuABFmNf640FrnuXl+kJQOiZijoiEJpz/2Mt/65WXtxETb7h4vlqC4gDwuonAzljB2d7mm+2OmZKxaQNY3K+N/SSmDZTDTDJTOSJLIa+gQB2PiWBGCpQA068xhd2kq/mGzM6Qzm2941EgiI7jHG/cFCMbS0PKuEofjP2/5Ar1j/kcRWjL2xFVu/vLsrxBSxluMY/cxhywjDuMmRqDjFspDN+JVsdepZXWeIHieyWKQWVEpjqmJ19NI20IPcrqKMsR2N8sWGvsSyvmNoQ5Sp+DMRUO1378zbAQ81iBSrDdeIr9lMCtkPExIYKPzOI4d/MMhezqCtVRMQRq3xAciG3tJWFKgoF4NQ++9eYBYB+XiYI71LMHRUVHTBavcFAhK2c3iHorjUQPRS8Ac4NRRREYiMHiUhx7jFVo5iUvBUe7PqruLpUtn/Yc0OKnfnxGyAc4a/TFkbDnrzGBTuD3PNii4QsKxr3iXASzD7JaoxR9rjvQI4c54+85LP9TMGryNcQkD1nVRnGtSXNCntKJYP9xAsNnku4wBKXjiArNbgN1VSpxwdzOU54jAqTceuY2AIwgQTKBuMgmmprx9B1KiaPUVZaEcuhXIfySmAVaYWm3h/sy6DS78ygjS4irFUdDqECF1TWRhOlQtffEsIJknpJQBbLfyR0hyy+bYzVgAOibClP8Av3MTSqpzGgAmB4OWNu4cEOAq3LxDBu34l/OGr8QiwJ3xGYHGp/ERFQle4JA5lxYvcVUJUscqzj8zPZKeoFwwA41fMIKQxW4MAfJ/UYShXGFm7K4hb0eT/m6iK3XPv/MQXLInDASlcE6lARyNJxURVwwcc+fxDVMpQ/f8Sw5E0f77yzoZH1Fc5TTp/cBEBitfiGmWharb+YMZ7R+PtCICCd/i/wBwKlJtWAYWKoz+YnOylr7TEIp51MliV7lIXCpRoRlcbRxjGLxiI/saleIRNFOkqDCiqI6ohHTIvvMLCZPiGZa2+PmWIK3/ALxObUbHZXfjzKAFcDxfrzKFEgsSr8y5IDdu+SVrg7G64/UclQf31HtsZUVMDAha3p194yVjZrXv1EkAwLz1Rv3AVVkorZ6KlzKhz4/75YAJjYLVz1iM4PGCvtzBiBwakYoXZ2+E4AmRbzOJPxMBB8xrLEjSDUT3GEIL4lgDFrnzlgWWzUHc4DHiUGrE8REmZ1q5kvsBDE8Rq7P4YTrAa/pMkqien9okaGcOH3Cqac05WeeYZqWTX5xEdKFoVTw89xi5QgjPhIOTms0VSM1xqsMF9/e67jERbAPXL38ykrYBovWf99oRlHVsJ2DeDmAUG+LyW42tL4K/8nA61n4tjABDdWdQVPDZjJ/cLBth4gKp5jAaZzX0uUdZJ2RyywqjYy4jhWNueIl65qGN1HsCFu7h22LKqYjOCoZQ0PNRMpYZaDjTm6/mBmUXeWYUBZQS2saeoIgUXXYPHqM8rFtmvBLpF0UznmA4mlEvdl9XccDASOaLv+5qC7O3vUvIdRk121zCsRroOc5f6hO/dV3+oAEY78H7gwE70n6lx9+8xyAnxFUCUMMAVJdRFTkzFUDZCrEru4O4DxVsaZVXyQFXlIwyMJaHHiPtEe6lis+zcw1A7MQQpwXe5anS4p/WYHBLxGFIGkzV/wDZkW8acQVMAaHh3+iFghF7vzDSAa2eUrXLXgdvM4Irdn/dTOg2r3/2GEOqXDEw9JWMmfUBSFi5uqmgYVeGftHVaXy9xgB94CN6NmnqdIWVLyeCYGb6qZtwvmcNze/RWIWLAVOODUJGmXWrvzLYK+8RkLXmNILX7mUs11FIqQhMA15j2U8q/uUTI/SG8BWPceYAKq3+mAVmOFxb58y3LaqmPTMuJqBlx8sGCVurafrBBNAhvDMdFTeKun2dS9qtaYD+I8jFP+1Bg3rUjiBWgpxCVKDhxGeNMjGCpdBNtOZS3zGLGOWvEMYhw7qV7iEmxiZl1VSi/wDyog5YjKW4TDVbA3Ve+I5YRar9ygvh5R/gl1XxPcBCNpmuYcjy4bmoFCs1ChmdnMUHlusv94lHTnioBZTlJQpW/wC5l1UquqG/TEcKPhhcXh8N+HEXBhrr9wloGd0w2KGnD/5KXUU4liAU434hhrUz3EWlS9RWvNwpgzFPUTbLHBfxHFAHGqhEcP2gIVj1C6/EALq+dalyWgRSNrhr0xDXZnJctiTTfP8AsQ1CyVa5TupxAZU7lXL1giXYAKXMt2Kptf7i0BVdC6f0QcNntIF6Fg+mxATRdmIbHITtgbEjBYW81FpSnFf7MG4Ok2FMntYGcyjWptEqS6qW6lLjsoMx00m4m3+pov4g0AtfMuJicS1L2zxAWtSgTnNXPFrO65PMQXX1H8YggVuE1+8LAAFVTqCFha4lRTyPiVs9FcSqo8FdfzKhFBvEwshyzB9gPLqNtWggbmuJnQFdxg24wkp7MI6qIm/H/IIq6JQFFalG4mc4iWtgKXnUNWNuYraZRYlzgEXCkbg2qY5gE2lhEoFTFi/3ATeWCiq8HmFbhnL9wwuAZ6qNUEsoK/bqUgYe1HqcUuh6sjYsVnHMZOFybdy7Gjtz64hZSJ8Rs0zWkJXqjHUDCMxNOJRDXcYED5QtJbCIq6lnVkwZ3LAvEIdpDBs3LBuMZFSirE9H7wcLqAuA3TT6hooTipxMR7jYBjVcQ6lE8wysT3qMLCU/7eoTaUt5lQMBvUejlS6fXfmIfYTFNfclSEYNOsQlndTP2qZ4TfMBFDe5amBLKARFsA4QUDsgovYxzXiXXZGvEBQBRFBOJv6SHgI1bqXExreJwoELfpcSzPcFEvUCX1AtxmO1VX6mO8eYnE3BcIevUAulQql45ikAyzjDrOpe8TSBDrq7LF21mIIr4IuO11UOglG/MsI1ezZ7jkKXrUES1s8QrwOMSgA86jimSZB3ACt1DJxE5YqOGNMJBdGZwYPMvD7gYJRcRUe4CtyjUFEzxKjUtNMs5p9whVrt/qBQEK/Eviw7MwzgCZU4lfXtcFn8xyqBrKrfEN5j4XIeHk/Bw8QEEGGnPY8xyvi9RQtRbTl/2AoCldwKXd85CMUj7xBwiJ3EebhA0YgUDDX0DFsj8cS8baikT0MubG2VBdQhlxKQcxmDdy/MRMmLBMczk3URSGOPcu92Bq7lHB81FBm6m6SOpYSoW1GZa5u8vH2lQsUjikxf5gIxYtazfZ7xEtDZi/EynpcELZjyWuPXmBkB4Z4iCxXrMK1WeNxQbKjdGzEAwyyPEF0dSjKZO68SnNkxAezLK9OZSKcwxu9y0JgK7nsylZAjMSqQlnJYZZaxahKBGbNP1LqaQahTqJkZXJuNQNBVl/EwrrYjiniuvE3kdbjVRapRf6jDAOswlAh+HuWZqzWs/MBc15ijdXcwMXncGx2bhuwMMoZrH6iiF1FGtcylhjo0yp+UAqvEqk3KAbS9m6mYSUsQXDqniOzxLphI3slN5nIl1cJvETkhZqJUMqaOMRxjb8ksoBjb4mCEofcieyzLitsQvcWHSzQdMSjRT3FTK2QATYiNl07mcXLQvUL7RwDCoOmBYfiA0MuGoVkmZBJOzcYsFbajK+4GTE3CmZe1ahhE4Ydan4iKx2REwAjkfaO61GZLtz+JanMubmEXxKILV3GiAIm5WDOdR8lIwzhUTId6jNdXOW4CwlkoLZvOpZWV7jYPMaYGIqXKoYyTwypR4lscBp2wU3HLu6uCjBBXtjvJiaWotn0suYGECrzBN0oIKtmGVcviChY4lWjCTKbjpSyjBHqpuImIiHRDaXGL5lz7xGkxM5SWRpzAat1GVxFBVSzYlRaq5clRM1rmUpvMHUDgN7hy3xMS+YW5fEK6dxYJVxavH9MDQZQtVZqJ1sJCvMBcTNYlzRqWxMdBZTuWFkYKSLhFmJqCHzhzDCQltGJeggC3uWHBAsOodsQrwkXLUQXnUe0Kbaircc7PmpkKbGWjcuqlqKy8hDFDEqgMMW8XDHSVHcDEpLAdhGcs9yW3yQA0Zipr4m5g1AXa6lAeCWSmolt7l1Ksd6upnQuLkViWK8ouR0RAUu4kFVLcncUmNEUt+6JQCWslbMZ0W2ECEaoyFyqg4mZUsF3LBc1KmQ+I4i9sv3K1cInBzHISDiDki65jsTRsgtoAOZQU3ArTDx9MKPBE+0MlXErF5hg8yiVzMLREsmIt7iOHEsFLZ9uFWW1iWeHCxx2CwNZjkDcHP1LVHn6SF2iVqAK+ImGiUF3qErckcuyArcIjWpU63LrGoGyWoBmpJYy4iOy0RkowBRnmBupeynEuC3MdCQUFtxFVNAxUsZoUBQmpcFtkJCgf3B1EegcZlFzPJGAWUNJMycRYYFcfRAGCFnMAWVzFajUKm+IxpzMkqXqZuyZ4TkK9bhstymTuABTK6zllDknMSE1TCYviB9t7lSmidDUIFN9XDyrcS6B53HTPUv8A5g0ENHqVtuUtPMVwWlSwheGWBTculEtZYVvdygmQsiCalUK+otjzMsTCxVUzniF4QNiGIsjOl/MqFZQ26+41oU3CFRcbGaI3FtXFjl3CBiUfoau4VjuKFuIpZtDmG7DkltSVky4ImCeoKpmnV2S5xziPBEUNygs3LQLicpzEnlC5omwYFXOIxrkiMHUxdNm4OPUAmswXZCmBiGMHH0LRl0sFHUsYUuGswxBc5jAJojilSjbKCmgCWD3CgZmariKaY0mJjmAohqXtePoGL7hY7ggiYY1KZlzuMmYZaBSGhOY8WQzpKjRAcMzAsOohdTxcQF05zDLJEDY4h9kIjEyKiCjG5at0yncxgj2+kN0ZzUozSl4gKGczUKszTDmU0OYmwJgwjoy4h3C0GXFMwO2UXrzLYeJ8/mI3XNwytgIVzGjqJonoDMoaoBDsZIq5KhODcqC+YxbH4mYpiA0MtvKXfcWq3EMwyYRW4WAEcxHHcTdL6jCBtBQtcSDxEY2qLeSDFkdDqGNnMAjolaplPEMI1FRqLmyEdZTZncK5xMJB4q5bPJL2RqLW49iw1LP54RrOb8yyKDHWcR3SMC4Qt6jXG0qJtCQvodxJo5zLjKPEStXTAxRmN8SJUJmDSkLiWPiUYTUT35lkOXiVRjpFwx5Q1nqNTOOYCjt8wgFLqCLKiNbi5m0kuu9jcvKa3MVsXE8wK5IjB7IjLomymFdc/wAwx0qBN6UiD7RWUdwC9Yibdl+45C2v4jtGRRgZEwMSoam2ILG/oPbFYR0XM6ZgF6i0HURpysuUTKwgjS5KIhi6S62gxl2MKKinqDbeI4iOtwQvqUoGIW0qW/Me2m4zCsTJlGWggGNysLTpnJqllptc1EKsArRVL1KYD4jabzDXzKe4bscwCu4SrwwNIIBLG9Ny1QXFOY+kk2aMQBVEMWCAMAFmyLsbslbzCaFgkXcRSohZGOqAgZ0jrqCKvIWpRQbTYwHQukUgwVyVLRWVmZDEIuyEOIFTFAjme6GCKTRmOtMXJq5q9w3ZDaoggosJZIzcGgS2odljKslGOplrcqquN4GUCh8xSoZxC0IbxMSxZtlRCvcBUaGcxZPKi2YcemYcic8eYgob3MjUOScgmmYLcGp8S4AMkrAi7S0BtIn8kV0m5jpuUUHYw4mjZTqYCVq5cSOrEtyuYqEWrMRRjE7Iqu0BAslpmL8wDYoS4+CF8JfbEqU+8cGxVTgMskAbFRjWpYNl+ZTThjbqnMp6Jel1BReGIu2pSVHk1Ft8x2zxNbe47KGpkA14lNmIZ8oJuO5mLZLAD4gHZhhtOpj8DElA1EzcNmoABqawpzNTI1LBcoZlNSoRhqJN+JWQwCtQwvcVN7PpeFS6a0RgYXYnEJVOZsvEq2PxM0YmcECZzAN0xKlR/hOa7i0dO4sPSfaLGOJUQ0x2GPEBtnRqBXxColRszFoPmAWLlkDComBu4ji4f3HaiRWq4OcQDE9WOi2OZnLiVmZLgLSpUG8MsOlxmvUxCcMQgbsmSiEOGJaXw9R0IYY12pjUNQXRhyRsSocJmtk4HzDFXphK55hmnU3MahI4gsG+ZjThjRA5gEvwkzbOxBUJ6nOmYBY7qFm+pXqYBxBKosZeIm7aCpn4S548rLrmiKUGZrOiGx0y664uGaMDGiBruILruW6JjUrCZVxLkhaD8RAeGYVdEaAMLHsOI3tgquZaAtSGkZPxAAA0agsKAbJUIu3XiLVlU7it7xG3j1Mi5fuf/9k=');

--
-- Индексы сохранённых таблиц
--

--
-- Индексы таблицы `likes`
--
ALTER TABLE `likes`
  ADD PRIMARY KEY (`id`);

--
-- Индексы таблицы `posts`
--
ALTER TABLE `posts`
  ADD PRIMARY KEY (`id`);

--
-- Индексы таблицы `users`
--
ALTER TABLE `users`
  ADD PRIMARY KEY (`id`);

--
-- AUTO_INCREMENT для сохранённых таблиц
--

--
-- AUTO_INCREMENT для таблицы `likes`
--
ALTER TABLE `likes`
  MODIFY `id` int(11) UNSIGNED NOT NULL AUTO_INCREMENT, AUTO_INCREMENT=42;
--
-- AUTO_INCREMENT для таблицы `posts`
--
ALTER TABLE `posts`
  MODIFY `id` int(11) UNSIGNED NOT NULL AUTO_INCREMENT, AUTO_INCREMENT=32;
--
-- AUTO_INCREMENT для таблицы `users`
--
ALTER TABLE `users`
  MODIFY `id` int(11) UNSIGNED NOT NULL AUTO_INCREMENT, AUTO_INCREMENT=21;
/*!40101 SET CHARACTER_SET_CLIENT=@OLD_CHARACTER_SET_CLIENT */;
/*!40101 SET CHARACTER_SET_RESULTS=@OLD_CHARACTER_SET_RESULTS */;
/*!40101 SET COLLATION_CONNECTION=@OLD_COLLATION_CONNECTION */;
